season,name,fours,sixes
2008.0,A Chopra,5.0,0.0
2008.0,A Kumble,1.0,0.0
2008.0,A Mishra,3.0,0.0
2008.0,A Mukund,0.0,0.0
2008.0,A Nehra,0.0,0.0
2008.0,A Nel,0.0,0.0
2008.0,A Symonds,15.0,9.0
2008.0,AA Noffke,1.0,0.0
2008.0,AB Agarkar,5.0,2.0
2008.0,AB Dinda,0.0,0.0
2008.0,AB de Villiers,5.0,1.0
2008.0,AC Gilchrist,51.0,19.0
2008.0,AD Mascarenhas,0.0,1.0
2008.0,AM Nayar,16.0,9.0
2008.0,AM Rahane,1.0,0.0
2008.0,AS Yadav,5.0,2.0
2008.0,Abdur Razzak,0.0,0.0
2008.0,B Akhil,4.0,3.0
2008.0,B Chipli,3.0,0.0
2008.0,B Lee,2.0,1.0
2008.0,BB McCullum,13.0,15.0
2008.0,BJ Hodge,2.0,0.0
2008.0,CK Kapugedera,0.0,0.0
2008.0,CL White,8.0,4.0
2008.0,CRD Fernando,0.0,0.0
2008.0,D Kalyankrishna,0.0,0.0
2008.0,D Salunkhe,5.0,0.0
2008.0,DB Das,9.0,5.0
2008.0,DB Ravi Teja,10.0,5.0
2008.0,DJ Bravo,19.0,5.0
2008.0,DJ Hussey,19.0,17.0
2008.0,DJ Thornely,2.0,2.0
2008.0,DNT Zoysa,1.0,0.0
2008.0,DP Vijaykumar,0.0,0.0
2008.0,DPMD Jayawardene,15.0,7.0
2008.0,DR Smith,5.0,1.0
2008.0,DS Kulkarni,0.0,0.0
2008.0,DS Lehmann,3.0,0.0
2008.0,DT Patil,1.0,0.0
2008.0,DW Steyn,0.0,0.0
2008.0,G Gambhir,68.0,8.0
2008.0,GC Smith,54.0,8.0
2008.0,GD McGrath,1.0,0.0
2008.0,H Das,0.0,0.0
2008.0,HH Gibbs,17.0,8.0
2008.0,Harbhajan Singh,1.0,3.0
2008.0,I Sharma,1.0,0.0
2008.0,IK Pathan,9.0,6.0
2008.0,Iqbal Abdulla,0.0,0.0
2008.0,J Arunkumar,5.0,0.0
2008.0,JA Morkel,18.0,14.0
2008.0,JDP Oram,1.0,1.0
2008.0,JH Kallis,23.0,4.0
2008.0,JR Hopes,27.0,8.0
2008.0,Joginder Sharma,1.0,1.0
2008.0,K Goel,7.0,4.0
2008.0,KC Sangakkara,41.0,8.0
2008.0,KD Karthik,13.0,4.0
2008.0,Kamran Akmal,13.0,8.0
2008.0,L Balaji,0.0,0.0
2008.0,L Ronchi,6.0,1.0
2008.0,LA Pomersbach,13.0,9.0
2008.0,LPC Silva,5.0,1.0
2008.0,LR Shukla,17.0,4.0
2008.0,LRPL Taylor,13.0,10.0
2008.0,M Kaif,14.0,6.0
2008.0,M Kartik,3.0,0.0
2008.0,M Muralitharan,0.0,0.0
2008.0,M Ntini,2.0,0.0
2008.0,M Rawat,3.0,1.0
2008.0,MA Khote,2.0,1.0
2008.0,MEK Hussey,12.0,11.0
2008.0,MF Maharoof,10.0,7.0
2008.0,MK Pandey,0.0,0.0
2008.0,MK Tiwary,16.0,0.0
2008.0,ML Hayden,24.0,6.0
2008.0,MM Patel,0.0,0.0
2008.0,MS Dhoni,38.0,15.0
2008.0,MS Gony,2.0,3.0
2008.0,MV Boucher,24.0,6.0
2008.0,Misbah-ul-Haq,10.0,6.0
2008.0,Mohammad Asif,0.0,0.0
2008.0,Mohammad Hafeez,7.0,2.0
2008.0,NK Patel,13.0,1.0
2008.0,P Kumar,10.0,6.0
2008.0,PA Patel,42.0,3.0
2008.0,PJ Sangwan,0.0,0.0
2008.0,PM Sarvesh Kumar,0.0,0.0
2008.0,PP Chawla,10.0,3.0
2008.0,PP Ojha,0.0,0.0
2008.0,PR Shah,4.0,0.0
2008.0,Pankaj Singh,0.0,0.0
2008.0,R Bhatia,2.0,2.0
2008.0,R Dravid,35.0,11.0
2008.0,R Vinay Kumar,2.0,1.0
2008.0,RA Jadeja,11.0,6.0
2008.0,RG Sharma,38.0,19.0
2008.0,RP Singh,2.0,1.0
2008.0,RR Powar,4.0,1.0
2008.0,RR Raje,1.0,0.0
2008.0,RR Sarwan,6.0,1.0
2008.0,RT Ponting,2.0,1.0
2008.0,RV Uthappa,34.0,9.0
2008.0,S Anirudha,0.0,0.0
2008.0,S Badrinath,21.0,8.0
2008.0,S Chanderpaul,4.0,0.0
2008.0,S Dhawan,35.0,8.0
2008.0,S Sohal,0.0,0.0
2008.0,S Sreesanth,0.0,0.0
2008.0,S Vidyut,21.0,3.0
2008.0,SA Asnodkar,43.0,6.0
2008.0,SB Bangar,1.0,3.0
2008.0,SB Joshi,0.0,0.0
2008.0,SB Styris,9.0,2.0
2008.0,SC Ganguly,33.0,15.0
2008.0,SD Chitnis,1.0,1.0
2008.0,SE Marsh,59.0,26.0
2008.0,SK Raina,35.0,18.0
2008.0,SK Trivedi,0.0,0.0
2008.0,SK Warne,7.0,2.0
2008.0,SM Katich,11.0,2.0
2008.0,SM Pollock,12.0,8.0
2008.0,SP Fleming,27.0,3.0
2008.0,SP Goswami,9.0,1.0
2008.0,SR Tendulkar,26.0,2.0
2008.0,SR Watson,47.0,19.0
2008.0,SS Tiwary,3.0,1.0
2008.0,ST Jayasuriya,57.0,31.0
2008.0,Salman Butt,30.0,2.0
2008.0,Shahid Afridi,7.0,6.0
2008.0,Shoaib Akhtar,0.0,0.0
2008.0,Shoaib Malik,5.0,0.0
2008.0,Sohail Tanvir,3.0,1.0
2008.0,T Kohli,0.0,1.0
2008.0,T Taibu,3.0,0.0
2008.0,TM Dilshan,14.0,3.0
2008.0,TM Srivastava,0.0,0.0
2008.0,U Kaul,0.0,0.0
2008.0,Umar Gul,1.0,5.0
2008.0,V Kohli,18.0,4.0
2008.0,V Sehwag,46.0,21.0
2008.0,VRV Singh,1.0,0.0
2008.0,VS Yeligati,0.0,0.0
2008.0,VVS Laxman,22.0,1.0
2008.0,VY Mahesh,0.0,0.0
2008.0,W Jaffer,12.0,3.0
2008.0,WA Mota,2.0,0.0
2008.0,WP Saha,12.0,7.0
2008.0,WPUJC Vaas,0.0,1.0
2008.0,Y Venugopal Rao,22.0,15.0
2008.0,YK Pathan,43.0,25.0
2008.0,YV Takawale,7.0,2.0
2008.0,Younis Khan,0.0,0.0
2008.0,Yuvraj Singh,24.0,19.0
2008.0,Z Khan,4.0,0.0
2009.0,A Chopra,2.0,0.0
2009.0,A Flintoff,5.0,2.0
2009.0,A Kumble,2.0,0.0
2009.0,A Mishra,2.0,2.0
2009.0,A Nehra,0.0,0.0
2009.0,A Singh,0.0,0.0
2009.0,A Symonds,15.0,11.0
2009.0,AA Bilakhia,5.0,0.0
2009.0,AB Agarkar,3.0,3.0
2009.0,AB Dinda,0.0,0.0
2009.0,AB McDonald,0.0,0.0
2009.0,AB de Villiers,39.0,12.0
2009.0,AC Gilchrist,54.0,29.0
2009.0,AD Mascarenhas,4.0,0.0
2009.0,AD Mathews,2.0,0.0
2009.0,AM Nayar,14.0,7.0
2009.0,AM Rahane,12.0,3.0
2009.0,AN Ghosh,1.0,0.0
2009.0,AS Raut,5.0,3.0
2009.0,Anureet Singh,0.0,0.0
2009.0,B Akhil,1.0,1.0
2009.0,B Lee,2.0,1.0
2009.0,BAW Mendis,0.0,0.0
2009.0,BB McCullum,27.0,12.0
2009.0,BJ Hodge,34.0,9.0
2009.0,C Nanda,0.0,0.0
2009.0,CH Gayle,15.0,10.0
2009.0,D du Preez,0.0,0.0
2009.0,DA Warner,16.0,5.0
2009.0,DB Ravi Teja,7.0,0.0
2009.0,DJ Bravo,15.0,8.0
2009.0,DJ Hussey,7.0,6.0
2009.0,DL Vettori,3.0,0.0
2009.0,DPMD Jayawardene,17.0,7.0
2009.0,DR Smith,12.0,15.0
2009.0,DS Kulkarni,0.0,0.0
2009.0,DW Steyn,0.0,0.0
2009.0,FH Edwards,0.0,0.0
2009.0,G Gambhir,32.0,2.0
2009.0,GC Smith,27.0,1.0
2009.0,GJ Bailey,7.0,0.0
2009.0,GR Napier,1.0,0.0
2009.0,HH Gibbs,32.0,12.0
2009.0,Harbhajan Singh,6.0,5.0
2009.0,I Sharma,1.0,1.0
2009.0,IK Pathan,17.0,6.0
2009.0,J Botha,5.0,0.0
2009.0,JA Morkel,8.0,4.0
2009.0,JD Ryder,9.0,0.0
2009.0,JDP Oram,5.0,4.0
2009.0,JH Kallis,37.0,8.0
2009.0,JP Duminy,26.0,11.0
2009.0,Jaskaran Singh,0.0,0.0
2009.0,Joginder Sharma,0.0,1.0
2009.0,K Goel,9.0,4.0
2009.0,KC Sangakkara,29.0,5.0
2009.0,KD Karthik,20.0,9.0
2009.0,KP Appanna,0.0,0.0
2009.0,KP Pietersen,8.0,2.0
2009.0,KV Sharma,0.0,0.0
2009.0,Kamran Khan,0.0,0.0
2009.0,L Balaji,0.0,0.0
2009.0,L Ronchi,0.0,0.0
2009.0,LA Carseldine,11.0,0.0
2009.0,LA Pomersbach,3.0,1.0
2009.0,LR Shukla,5.0,3.0
2009.0,LRPL Taylor,20.0,15.0
2009.0,M Kartik,0.0,0.0
2009.0,M Manhas,7.0,1.0
2009.0,M Morkel,1.0,0.0
2009.0,M Muralitharan,1.0,0.0
2009.0,M Rawat,1.0,0.0
2009.0,M Vijay,4.0,2.0
2009.0,MC Henriques,2.0,1.0
2009.0,MF Maharoof,0.0,0.0
2009.0,MK Pandey,17.0,4.0
2009.0,MK Tiwary,1.0,0.0
2009.0,ML Hayden,60.0,22.0
2009.0,MM Patel,5.0,0.0
2009.0,MN van Wyk,19.0,1.0
2009.0,MS Dhoni,22.0,9.0
2009.0,MS Gony,0.0,2.0
2009.0,MV Boucher,8.0,6.0
2009.0,Mashrafe Mortaza,0.0,0.0
2009.0,Mohammad Ashraful,0.0,0.0
2009.0,NK Patel,1.0,0.0
2009.0,NV Ojha,11.0,11.0
2009.0,P Kumar,1.0,6.0
2009.0,PA Patel,19.0,2.0
2009.0,PC Valthaty,1.0,0.0
2009.0,PJ Sangwan,0.0,0.0
2009.0,PP Chawla,3.0,0.0
2009.0,PP Ojha,0.0,0.0
2009.0,PR Shah,4.0,2.0
2009.0,Pankaj Singh,0.0,0.0
2009.0,R Ashwin,1.0,0.0
2009.0,R Bhatia,1.0,0.0
2009.0,R Bishnoi,1.0,2.0
2009.0,R Dravid,28.0,3.0
2009.0,R Vinay Kumar,4.0,1.0
2009.0,RA Jadeja,21.0,6.0
2009.0,RE van der Merwe,8.0,8.0
2009.0,RG Sharma,22.0,18.0
2009.0,RJ Harris,0.0,0.0
2009.0,RJ Quiney,12.0,3.0
2009.0,RP Singh,0.0,0.0
2009.0,RR Powar,2.0,0.0
2009.0,RR Raje,0.0,1.0
2009.0,RS Bopara,8.0,7.0
2009.0,RV Uthappa,18.0,3.0
2009.0,S Badrinath,20.0,4.0
2009.0,S Dhawan,3.0,0.0
2009.0,S Sohal,9.0,8.0
2009.0,S Sreesanth,1.0,0.0
2009.0,S Tyagi,0.0,0.0
2009.0,SA Asnodkar,11.0,4.0
2009.0,SB Bangar,0.0,0.0
2009.0,SB Jakati,3.0,0.0
2009.0,SB Styris,0.0,1.0
2009.0,SC Ganguly,13.0,6.0
2009.0,SD Chitnis,1.0,0.0
2009.0,SK Raina,37.0,21.0
2009.0,SK Trivedi,0.0,0.0
2009.0,SK Warne,6.0,4.0
2009.0,SL Malinga,0.0,0.0
2009.0,SM Harwood,0.0,0.0
2009.0,SM Katich,14.0,6.0
2009.0,SP Goswami,6.0,0.0
2009.0,SR Tendulkar,39.0,10.0
2009.0,SS Shaikh,1.0,0.0
2009.0,SS Tiwary,0.0,0.0
2009.0,ST Jayasuriya,23.0,7.0
2009.0,Shoaib Ahmed,0.0,0.0
2009.0,T Henderson,0.0,1.0
2009.0,T Kohli,0.0,0.0
2009.0,T Thushara,0.0,0.0
2009.0,TL Suman,18.0,8.0
2009.0,TM Dilshan,42.0,13.0
2009.0,TM Srivastava,0.0,0.0
2009.0,V Kohli,22.0,8.0
2009.0,V Sehwag,24.0,7.0
2009.0,VVS Laxman,1.0,1.0
2009.0,W Jaffer,2.0,0.0
2009.0,WA Mota,0.0,0.0
2009.0,WP Saha,3.0,4.0
2009.0,WPUJC Vaas,1.0,1.0
2009.0,Y Nagar,1.0,0.0
2009.0,Y Venugopal Rao,6.0,3.0
2009.0,YK Pathan,24.0,12.0
2009.0,YV Takawale,2.0,0.0
2009.0,Yashpal Singh,5.0,0.0
2009.0,Yuvraj Singh,25.0,16.0
2009.0,Z Khan,0.0,0.0
2010.0,A Kumble,0.0,0.0
2010.0,A Mishra,1.0,0.0
2010.0,A Mithun,1.0,0.0
2010.0,A Nehra,2.0,1.0
2010.0,A Symonds,35.0,18.0
2010.0,A Uniyal,0.0,0.0
2010.0,AA Bilakhia,0.0,0.0
2010.0,AA Jhunjhunwala,16.0,4.0
2010.0,AB Agarkar,4.0,0.0
2010.0,AB Barath,5.0,1.0
2010.0,AB Dinda,0.0,0.0
2010.0,AB McDonald,3.0,2.0
2010.0,AB de Villiers,7.0,0.0
2010.0,AC Gilchrist,31.0,16.0
2010.0,AC Voges,15.0,3.0
2010.0,AD Mascarenhas,0.0,0.0
2010.0,AD Mathews,18.0,8.0
2010.0,AG Paunikar,0.0,0.0
2010.0,AJ Finch,0.0,1.0
2010.0,AM Nayar,4.0,2.0
2010.0,AN Ahmed,0.0,0.0
2010.0,AP Dole,3.0,1.0
2010.0,AP Tare,5.0,3.0
2010.0,AS Raut,3.0,3.0
2010.0,AT Rayudu,34.0,13.0
2010.0,Anirudh Singh,6.0,1.0
2010.0,B Lee,1.0,0.0
2010.0,B Sumanth,3.0,0.0
2010.0,BAW Mendis,0.0,0.0
2010.0,BB McCullum,14.0,2.0
2010.0,BJ Hodge,11.0,1.0
2010.0,Bipul Sharma,1.0,0.0
2010.0,C Ganapathy,0.0,0.0
2010.0,C Madan,3.0,0.0
2010.0,CA Pujara,14.0,3.0
2010.0,CH Gayle,30.0,16.0
2010.0,CK Langeveldt,0.0,0.0
2010.0,CL White,3.0,3.0
2010.0,CRD Fernando,0.0,0.0
2010.0,DA Warner,27.0,14.0
2010.0,DE Bollinger,1.0,1.0
2010.0,DJ Bravo,4.0,4.0
2010.0,DJ Hussey,5.0,5.0
2010.0,DL Vettori,4.0,0.0
2010.0,DP Nannes,0.0,0.0
2010.0,DPMD Jayawardene,55.0,11.0
2010.0,DR Martyn,1.0,0.0
2010.0,DR Smith,1.0,1.0
2010.0,DW Steyn,2.0,0.0
2010.0,EJG Morgan,2.0,1.0
2010.0,FY Fazal,19.0,1.0
2010.0,G Gambhir,32.0,2.0
2010.0,GC Smith,7.0,0.0
2010.0,GJ Bailey,2.0,0.0
2010.0,HH Gibbs,26.0,9.0
2010.0,Harbhajan Singh,12.0,5.0
2010.0,Harmeet Singh,0.0,0.0
2010.0,I Sharma,0.0,0.0
2010.0,IK Pathan,21.0,10.0
2010.0,Iqbal Abdulla,0.0,0.0
2010.0,J Theron,0.0,0.0
2010.0,JA Morkel,10.0,13.0
2010.0,JH Kallis,67.0,9.0
2010.0,JM Kemp,1.0,1.0
2010.0,JP Duminy,13.0,5.0
2010.0,Jaskaran Singh,0.0,0.0
2010.0,K Goel,1.0,1.0
2010.0,KA Pollard,23.0,17.0
2010.0,KAJ Roach,1.0,0.0
2010.0,KB Arun Karthik,0.0,0.0
2010.0,KC Sangakkara,47.0,5.0
2010.0,KD Karthik,26.0,6.0
2010.0,KM Jadhav,7.0,2.0
2010.0,KP Appanna,0.0,0.0
2010.0,KP Pietersen,23.0,8.0
2010.0,Kamran Khan,0.0,0.0
2010.0,L Balaji,1.0,1.0
2010.0,LR Shukla,3.0,2.0
2010.0,LRPL Taylor,2.0,6.0
2010.0,M Kaif,2.0,0.0
2010.0,M Kartik,2.0,0.0
2010.0,M Manhas,14.0,0.0
2010.0,M Morkel,1.0,0.0
2010.0,M Muralitharan,0.0,0.0
2010.0,M Vijay,36.0,26.0
2010.0,MC Henriques,2.0,0.0
2010.0,MD Mishra,18.0,6.0
2010.0,MEK Hussey,2.0,0.0
2010.0,MF Maharoof,2.0,2.0
2010.0,MJ Lumb,45.0,6.0
2010.0,MK Pandey,27.0,7.0
2010.0,MK Tiwary,23.0,5.0
2010.0,ML Hayden,37.0,16.0
2010.0,MM Patel,0.0,0.0
2010.0,MR Marsh,1.0,1.0
2010.0,MS Bisla,27.0,6.0
2010.0,MS Dhoni,26.0,8.0
2010.0,MS Gony,0.0,0.0
2010.0,MV Boucher,0.0,1.0
2010.0,Mandeep Singh,1.0,0.0
2010.0,NV Ojha,42.0,15.0
2010.0,OA Shah,7.0,5.0
2010.0,P Dogra,4.0,5.0
2010.0,P Kumar,0.0,0.0
2010.0,PA Patel,6.0,2.0
2010.0,PD Collingwood,9.0,13.0
2010.0,PJ Sangwan,0.0,0.0
2010.0,PP Chawla,7.0,0.0
2010.0,PP Ojha,0.0,0.0
2010.0,Pankaj Singh,0.0,0.0
2010.0,R Ashwin,2.0,0.0
2010.0,R Bhatia,1.0,2.0
2010.0,R Dravid,34.0,3.0
2010.0,R McLaren,7.0,0.0
2010.0,R Sathish,11.0,0.0
2010.0,R Sharma,3.0,1.0
2010.0,R Vinay Kumar,1.0,0.0
2010.0,RE van der Merwe,0.0,0.0
2010.0,RG Sharma,36.0,14.0
2010.0,RJ Harris,2.0,2.0
2010.0,RP Singh,0.0,0.0
2010.0,RR Powar,0.0,0.0
2010.0,RS Bopara,25.0,3.0
2010.0,RS Gavaskar,0.0,0.0
2010.0,RS Sodhi,1.0,0.0
2010.0,RV Uthappa,21.0,27.0
2010.0,S Anirudha,2.0,2.0
2010.0,S Badrinath,41.0,5.0
2010.0,S Dhawan,23.0,3.0
2010.0,S Ladda,0.0,0.0
2010.0,S Narwal,2.0,0.0
2010.0,S Sreesanth,5.0,0.0
2010.0,S Sriram,3.0,0.0
2010.0,S Tyagi,0.0,0.0
2010.0,SA Asnodkar,1.0,0.0
2010.0,SB Jakati,0.0,0.0
2010.0,SC Ganguly,58.0,15.0
2010.0,SE Bond,0.0,0.0
2010.0,SE Marsh,14.0,6.0
2010.0,SJ Srivastava,0.0,0.0
2010.0,SK Raina,45.0,22.0
2010.0,SK Trivedi,3.0,1.0
2010.0,SK Warne,0.0,0.0
2010.0,SL Malinga,0.0,0.0
2010.0,SP Goswami,2.0,0.0
2010.0,SR Tendulkar,86.0,3.0
2010.0,SR Watson,18.0,9.0
2010.0,SS Tiwary,29.0,18.0
2010.0,ST Jayasuriya,4.0,1.0
2010.0,STR Binny,1.0,0.0
2010.0,SW Tait,0.0,1.0
2010.0,T Thushara,0.0,0.0
2010.0,TL Suman,23.0,12.0
2010.0,TM Dilshan,6.0,0.0
2010.0,UT Yadav,0.0,0.0
2010.0,V Kohli,26.0,12.0
2010.0,V Sehwag,47.0,14.0
2010.0,VS Malik,1.0,0.0
2010.0,VVS Laxman,7.0,1.0
2010.0,WP Saha,9.0,1.0
2010.0,WPUJC Vaas,1.0,1.0
2010.0,Y Nagar,0.0,0.0
2010.0,Y Venugopal Rao,3.0,1.0
2010.0,YA Abdulla,0.0,0.0
2010.0,YK Pathan,22.0,24.0
2010.0,Yuvraj Singh,20.0,14.0
2010.0,Z Khan,3.0,1.0
2011.0,A Mishra,9.0,1.0
2011.0,A Mithun,3.0,1.0
2011.0,A Singh,0.0,0.0
2011.0,A Symonds,9.0,3.0
2011.0,AA Chavan,0.0,0.0
2011.0,AA Jhunjhunwala,2.0,0.0
2011.0,AB Agarkar,1.0,0.0
2011.0,AB Dinda,0.0,0.0
2011.0,AB McDonald,0.0,0.0
2011.0,AB de Villiers,21.0,14.0
2011.0,AC Blizzard,21.0,2.0
2011.0,AC Gilchrist,41.0,18.0
2011.0,AC Thomas,0.0,0.0
2011.0,AG Murtaza,0.0,0.0
2011.0,AG Paunikar,9.0,0.0
2011.0,AJ Finch,3.0,3.0
2011.0,AL Menaria,10.0,10.0
2011.0,AM Nayar,9.0,0.0
2011.0,AM Rahane,12.0,2.0
2011.0,AN Ahmed,1.0,1.0
2011.0,AS Raut,5.0,1.0
2011.0,AT Rayudu,44.0,9.0
2011.0,AUK Pathan,5.0,2.0
2011.0,B Akhil,0.0,1.0
2011.0,B Chipli,21.0,4.0
2011.0,B Kumar,0.0,0.0
2011.0,B Lee,0.0,0.0
2011.0,BA Bhatt,0.0,0.0
2011.0,BB McCullum,35.0,16.0
2011.0,BJ Haddin,2.0,1.0
2011.0,BJ Hodge,26.0,9.0
2011.0,Bipul Sharma,1.0,0.0
2011.0,CA Ingram,2.0,0.0
2011.0,CA Pujara,4.0,0.0
2011.0,CH Gayle,56.0,44.0
2011.0,CJ Ferguson,6.0,0.0
2011.0,CK Langeveldt,0.0,1.0
2011.0,CL White,6.0,2.0
2011.0,DA Warner,34.0,11.0
2011.0,DB Ravi Teja,17.0,4.0
2011.0,DE Bollinger,0.0,0.0
2011.0,DH Yagnik,1.0,0.0
2011.0,DJ Bravo,1.0,1.0
2011.0,DJ Hussey,3.0,3.0
2011.0,DJ Jacobs,10.0,4.0
2011.0,DL Vettori,1.0,1.0
2011.0,DPMD Jayawardene,35.0,5.0
2011.0,DS Kulkarni,0.0,0.0
2011.0,DT Christian,9.0,7.0
2011.0,DW Steyn,3.0,0.0
2011.0,EJG Morgan,17.0,3.0
2011.0,FY Fazal,3.0,0.0
2011.0,G Gambhir,44.0,3.0
2011.0,GC Smith,6.0,0.0
2011.0,Harbhajan Singh,9.0,6.0
2011.0,Harpreet Singh,0.0,0.0
2011.0,I Malhotra,1.0,0.0
2011.0,I Sharma,0.0,0.0
2011.0,IK Pathan,12.0,6.0
2011.0,IR Jaggi,3.0,0.0
2011.0,Iqbal Abdulla,1.0,0.0
2011.0,J Botha,20.0,2.0
2011.0,J Syed Mohammad,2.0,0.0
2011.0,JA Morkel,8.0,8.0
2011.0,JD Ryder,37.0,11.0
2011.0,JDP Oram,0.0,0.0
2011.0,JE Taylor,0.0,0.0
2011.0,JEC Franklin,10.0,2.0
2011.0,JH Kallis,46.0,6.0
2011.0,JJ van der Wath,1.0,1.0
2011.0,JP Duminy,9.0,8.0
2011.0,JR Hopes,22.0,3.0
2011.0,Joginder Sharma,0.0,0.0
2011.0,KA Pollard,12.0,6.0
2011.0,KB Arun Karthik,1.0,0.0
2011.0,KC Sangakkara,44.0,5.0
2011.0,KD Karthik,32.0,7.0
2011.0,KM Jadhav,1.0,0.0
2011.0,L Ablish,0.0,0.0
2011.0,L Balaji,0.0,0.0
2011.0,LA Pomersbach,4.0,2.0
2011.0,LR Shukla,2.0,0.0
2011.0,LRPL Taylor,11.0,7.0
2011.0,M Kaif,5.0,0.0
2011.0,M Kartik,1.0,0.0
2011.0,M Klinger,9.0,0.0
2011.0,M Manhas,8.0,4.0
2011.0,M Morkel,3.0,2.0
2011.0,M Muralitharan,0.0,0.0
2011.0,M Vijay,34.0,20.0
2011.0,MA Agarwal,16.0,4.0
2011.0,MD Mishra,5.0,2.0
2011.0,MEK Hussey,53.0,6.0
2011.0,MJ Lumb,0.0,0.0
2011.0,MK Pandey,28.0,6.0
2011.0,MK Tiwary,26.0,14.0
2011.0,MM Patel,0.0,0.0
2011.0,MR Marsh,2.0,3.0
2011.0,MS Bisla,8.0,0.0
2011.0,MS Dhoni,25.0,23.0
2011.0,MS Gony,0.0,0.0
2011.0,MS Wade,0.0,0.0
2011.0,MV Boucher,0.0,0.0
2011.0,Mandeep Singh,4.0,1.0
2011.0,ND Doshi,0.0,0.0
2011.0,NJ Rimmington,0.0,0.0
2011.0,NL McCullum,0.0,1.0
2011.0,NLTC Perera,4.0,0.0
2011.0,NV Ojha,11.0,11.0
2011.0,OA Shah,1.0,2.0
2011.0,P Kumar,2.0,1.0
2011.0,P Parameswaran,0.0,0.0
2011.0,PA Patel,25.0,2.0
2011.0,PC Valthaty,55.0,20.0
2011.0,PP Chawla,2.0,2.0
2011.0,PR Shah,1.0,0.0
2011.0,R Ashwin,0.0,0.0
2011.0,R Bhatia,3.0,0.0
2011.0,R Dravid,44.0,2.0
2011.0,R McLaren,7.0,1.0
2011.0,R Ninan,0.0,0.0
2011.0,R Sathish,1.0,0.0
2011.0,R Sharma,1.0,2.0
2011.0,R Vinay Kumar,4.0,1.0
2011.0,RA Jadeja,20.0,14.0
2011.0,RE van der Merwe,1.0,0.0
2011.0,RG Sharma,32.0,13.0
2011.0,RJ Harris,3.0,0.0
2011.0,RN ten Doeschate,9.0,5.0
2011.0,RP Singh,0.0,0.0
2011.0,RR Powar,0.0,0.0
2011.0,RV Gomez,4.0,1.0
2011.0,RV Uthappa,27.0,10.0
2011.0,S Anirudha,6.0,3.0
2011.0,S Aravind,2.0,0.0
2011.0,S Badrinath,38.0,9.0
2011.0,S Dhawan,47.0,7.0
2011.0,S Nadeem,0.0,0.0
2011.0,S Rana,2.0,0.0
2011.0,S Randiv,0.0,0.0
2011.0,S Sohal,25.0,10.0
2011.0,S Sreesanth,0.0,0.0
2011.0,S Sriram,0.0,0.0
2011.0,SA Asnodkar,1.0,0.0
2011.0,SB Jakati,0.0,0.0
2011.0,SB Styris,1.0,0.0
2011.0,SB Wagh,0.0,0.0
2011.0,SC Ganguly,3.0,2.0
2011.0,SD Chitnis,1.0,0.0
2011.0,SE Marsh,52.0,20.0
2011.0,SJ Srivastava,0.0,0.0
2011.0,SK Raina,36.0,17.0
2011.0,SK Trivedi,0.0,0.0
2011.0,SK Warne,1.0,0.0
2011.0,SL Malinga,0.0,1.0
2011.0,SP Goswami,5.0,0.0
2011.0,SR Tendulkar,67.0,5.0
2011.0,SR Watson,31.0,17.0
2011.0,SS Tiwary,13.0,5.0
2011.0,STR Binny,2.0,1.0
2011.0,SW Tait,1.0,0.0
2011.0,Shakib Al Hasan,4.0,0.0
2011.0,Sunny Singh,6.0,1.0
2011.0,TD Paine,0.0,0.0
2011.0,TL Suman,5.0,5.0
2011.0,TM Dilshan,33.0,3.0
2011.0,TR Birt,9.0,2.0
2011.0,UBT Chand,0.0,0.0
2011.0,UT Yadav,0.0,0.0
2011.0,V Kohli,55.0,16.0
2011.0,V Sehwag,51.0,18.0
2011.0,VR Aaron,0.0,0.0
2011.0,VVS Laxman,3.0,2.0
2011.0,WD Parnell,2.0,1.0
2011.0,WP Saha,2.0,4.0
2011.0,Y Gnaneswara Rao,3.0,0.0
2011.0,Y Nagar,6.0,6.0
2011.0,Y Venugopal Rao,30.0,13.0
2011.0,YK Pathan,24.0,13.0
2011.0,Yuvraj Singh,24.0,18.0
2011.0,Z Khan,2.0,0.0
2012.0,A Ashish Reddy,3.0,1.0
2012.0,A Chandila,0.0,0.0
2012.0,A Mishra,1.0,0.0
2012.0,A Nehra,1.0,0.0
2012.0,A Singh,0.0,0.0
2012.0,AA Chavan,2.0,0.0
2012.0,AA Jhunjhunwala,1.0,1.0
2012.0,AB Agarkar,0.0,0.0
2012.0,AB Dinda,0.0,0.0
2012.0,AB McDonald,6.0,2.0
2012.0,AB de Villiers,26.0,15.0
2012.0,AC Blizzard,0.0,0.0
2012.0,AC Gilchrist,21.0,4.0
2012.0,AC Thomas,1.0,1.0
2012.0,AD Mascarenhas,1.0,0.0
2012.0,AD Mathews,5.0,4.0
2012.0,AD Russell,3.0,3.0
2012.0,AG Murtaza,0.0,0.0
2012.0,AJ Finch,8.0,0.0
2012.0,AL Menaria,14.0,8.0
2012.0,AM Nayar,2.0,1.0
2012.0,AM Rahane,73.0,10.0
2012.0,AP Majumdar,7.0,2.0
2012.0,AT Rayudu,21.0,14.0
2012.0,AUK Pathan,0.0,0.0
2012.0,Ankit Sharma,0.0,2.0
2012.0,Azhar Mahmood,16.0,8.0
2012.0,B Chipli,3.0,2.0
2012.0,B Kumar,4.0,0.0
2012.0,B Lee,2.0,4.0
2012.0,BA Bhatt,0.0,1.0
2012.0,BB McCullum,37.0,3.0
2012.0,BB Samantray,0.0,0.0
2012.0,BJ Hodge,18.0,9.0
2012.0,Bipul Sharma,6.0,3.0
2012.0,CA Lynn,1.0,0.0
2012.0,CA Pujara,1.0,1.0
2012.0,CH Gayle,46.0,59.0
2012.0,CJ Ferguson,3.0,0.0
2012.0,CJ McKay,0.0,0.0
2012.0,CL White,41.0,20.0
2012.0,DA Miller,6.0,4.0
2012.0,DA Warner,28.0,14.0
2012.0,DAJ Bracewell,1.0,0.0
2012.0,DB Das,9.0,6.0
2012.0,DB Ravi Teja,1.0,0.0
2012.0,DE Bollinger,0.0,0.0
2012.0,DH Yagnik,5.0,0.0
2012.0,DJ Bravo,20.0,20.0
2012.0,DJ Harris,11.0,5.0
2012.0,DJ Hussey,28.0,17.0
2012.0,DJ Jacobs,0.0,0.0
2012.0,DL Vettori,3.0,1.0
2012.0,DPMD Jayawardene,39.0,3.0
2012.0,DR Smith,18.0,7.0
2012.0,DS Kulkarni,2.0,0.0
2012.0,DT Christian,8.0,6.0
2012.0,DW Steyn,0.0,1.0
2012.0,F du Plessis,29.0,17.0
2012.0,G Gambhir,64.0,17.0
2012.0,GB Hogg,1.0,0.0
2012.0,GJ Maxwell,0.0,0.0
2012.0,Gurkeerat Singh,12.0,2.0
2012.0,HH Gibbs,8.0,2.0
2012.0,HV Patel,1.0,0.0
2012.0,Harbhajan Singh,14.0,3.0
2012.0,Harmeet Singh,3.0,0.0
2012.0,Harpreet Singh,0.0,0.0
2012.0,IK Pathan,14.0,6.0
2012.0,IR Jaggi,0.0,0.0
2012.0,Iqbal Abdulla,0.0,0.0
2012.0,J Botha,4.0,1.0
2012.0,J Syed Mohammad,1.0,0.0
2012.0,J Theron,1.0,0.0
2012.0,JA Morkel,5.0,6.0
2012.0,JD Ryder,23.0,8.0
2012.0,JEC Franklin,15.0,6.0
2012.0,JH Kallis,34.0,10.0
2012.0,JP Duminy,13.0,11.0
2012.0,JP Faulkner,0.0,0.0
2012.0,K Upadhyay,0.0,1.0
2012.0,KA Pollard,15.0,14.0
2012.0,KC Sangakkara,21.0,4.0
2012.0,KD Karthik,30.0,2.0
2012.0,KK Cooper,3.0,3.0
2012.0,KMDN Kulasekara,1.0,0.0
2012.0,KP Pietersen,22.0,20.0
2012.0,LR Shukla,4.0,5.0
2012.0,LRPL Taylor,12.0,7.0
2012.0,M Kaif,1.0,0.0
2012.0,M Kartik,1.0,1.0
2012.0,M Manhas,10.0,4.0
2012.0,M Morkel,0.0,0.0
2012.0,M Muralitharan,0.0,0.0
2012.0,M Vijay,39.0,10.0
2012.0,MA Agarwal,19.0,15.0
2012.0,MD Mishra,1.0,0.0
2012.0,MEK Hussey,28.0,8.0
2012.0,MJ Clarke,12.0,0.0
2012.0,MK Pandey,12.0,6.0
2012.0,MK Tiwary,21.0,3.0
2012.0,MM Patel,0.0,0.0
2012.0,MN Samuels,7.0,5.0
2012.0,MS Bisla,16.0,10.0
2012.0,MS Dhoni,26.0,9.0
2012.0,MS Gony,0.0,0.0
2012.0,Mandeep Singh,53.0,7.0
2012.0,N Saini,16.0,0.0
2012.0,NLTC Perera,0.0,0.0
2012.0,NV Ojha,21.0,13.0
2012.0,OA Shah,24.0,16.0
2012.0,P Awana,0.0,0.0
2012.0,P Dogra,0.0,0.0
2012.0,P Kumar,2.0,1.0
2012.0,P Negi,4.0,1.0
2012.0,P Parameswaran,0.0,0.0
2012.0,PA Patel,19.0,4.0
2012.0,PA Reddy,6.0,2.0
2012.0,PC Valthaty,4.0,0.0
2012.0,PP Chawla,9.0,4.0
2012.0,PP Ojha,0.0,0.0
2012.0,R Ashwin,2.0,0.0
2012.0,R Bhatia,4.0,0.0
2012.0,R Dravid,63.0,4.0
2012.0,R Sharma,0.0,0.0
2012.0,R Vinay Kumar,3.0,2.0
2012.0,RA Jadeja,13.0,9.0
2012.0,RE Levi,10.0,4.0
2012.0,RG Sharma,39.0,18.0
2012.0,RJ Harris,1.0,1.0
2012.0,RJ Peterson,3.0,1.0
2012.0,RN ten Doeschate,1.0,1.0
2012.0,RP Singh,0.0,0.0
2012.0,RR Bhatkal,0.0,0.0
2012.0,RV Uthappa,38.0,10.0
2012.0,S Anirudha,1.0,2.0
2012.0,S Aravind,3.0,0.0
2012.0,S Badrinath,23.0,2.0
2012.0,S Dhawan,58.0,18.0
2012.0,S Nadeem,0.0,0.0
2012.0,SA Yadav,0.0,0.0
2012.0,SB Jakati,0.0,0.0
2012.0,SC Ganguly,30.0,4.0
2012.0,SD Chitnis,7.0,1.0
2012.0,SE Marsh,39.0,7.0
2012.0,SK Raina,36.0,19.0
2012.0,SK Trivedi,0.0,0.0
2012.0,SL Malinga,4.0,3.0
2012.0,SP Goswami,4.0,1.0
2012.0,SP Narine,2.0,0.0
2012.0,SPD Smith,24.0,14.0
2012.0,SR Tendulkar,39.0,4.0
2012.0,SR Watson,26.0,14.0
2012.0,SS Tiwary,9.0,8.0
2012.0,STR Binny,9.0,3.0
2012.0,Shakib Al Hasan,6.0,3.0
2012.0,Sunny Gupta,0.0,0.0
2012.0,TL Suman,1.0,1.0
2012.0,TM Dilshan,33.0,5.0
2012.0,TP Sudhindra,0.0,0.0
2012.0,UBT Chand,2.0,3.0
2012.0,UT Yadav,0.0,0.0
2012.0,V Kohli,33.0,9.0
2012.0,V Pratap Singh,0.0,0.0
2012.0,V Sehwag,57.0,19.0
2012.0,VR Aaron,0.0,0.0
2012.0,WD Parnell,2.0,0.0
2012.0,WP Saha,0.0,0.0
2012.0,Y Nagar,13.0,3.0
2012.0,Y Venugopal Rao,8.0,5.0
2012.0,YK Pathan,10.0,7.0
2012.0,Z Khan,1.0,0.0
2013.0,A Ashish Reddy,9.0,4.0
2013.0,A Chandila,0.0,0.0
2013.0,A Mishra,9.0,0.0
2013.0,A Mithun,0.0,0.0
2013.0,A Mukund,1.0,0.0
2013.0,A Nehra,0.0,0.0
2013.0,AB Agarkar,0.0,0.0
2013.0,AB Dinda,1.0,0.0
2013.0,AB McDonald,0.0,0.0
2013.0,AB de Villiers,34.0,15.0
2013.0,AC Gilchrist,41.0,6.0
2013.0,AD Mascarenhas,0.0,0.0
2013.0,AD Mathews,5.0,10.0
2013.0,AD Russell,0.0,0.0
2013.0,AG Murtaza,1.0,0.0
2013.0,AJ Finch,54.0,16.0
2013.0,AL Menaria,0.0,0.0
2013.0,AM Nayar,5.0,0.0
2013.0,AM Rahane,42.0,11.0
2013.0,AP Tare,14.0,5.0
2013.0,AS Rajpoot,0.0,0.0
2013.0,AT Rayudu,22.0,4.0
2013.0,Azhar Mahmood,22.0,5.0
2013.0,B Chipli,1.0,1.0
2013.0,B Kumar,3.0,1.0
2013.0,B Laughlin,0.0,0.0
2013.0,B Lee,1.0,2.0
2013.0,BAW Mendis,0.0,0.0
2013.0,BB McCullum,1.0,0.0
2013.0,BB Samantray,13.0,2.0
2013.0,BJ Hodge,27.0,9.0
2013.0,BJ Rohrer,21.0,5.0
2013.0,BMAJ Mendis,0.0,0.0
2013.0,CA Pujara,14.0,0.0
2013.0,CH Gayle,57.0,51.0
2013.0,CH Morris,0.0,0.0
2013.0,CL White,18.0,7.0
2013.0,CM Gautam,4.0,1.0
2013.0,DA Miller,28.0,24.0
2013.0,DA Warner,41.0,14.0
2013.0,DB Das,5.0,5.0
2013.0,DB Ravi Teja,0.0,0.0
2013.0,DH Yagnik,17.0,2.0
2013.0,DJ Bravo,11.0,3.0
2013.0,DJ Hussey,20.0,6.0
2013.0,DJG Sammy,11.0,10.0
2013.0,DP Nannes,0.0,0.0
2013.0,DPMD Jayawardene,39.0,6.0
2013.0,DR Smith,40.0,19.0
2013.0,DS Kulkarni,0.0,0.0
2013.0,DT Christian,0.0,0.0
2013.0,DW Steyn,5.0,2.0
2013.0,EJG Morgan,28.0,13.0
2013.0,G Gambhir,51.0,5.0
2013.0,GH Vihari,17.0,1.0
2013.0,GJ Maxwell,1.0,4.0
2013.0,Gurkeerat Singh,10.0,3.0
2013.0,Harbhajan Singh,12.0,5.0
2013.0,Harmeet Singh,0.0,0.0
2013.0,I Sharma,0.0,0.0
2013.0,IC Pandey,0.0,0.0
2013.0,IK Pathan,9.0,3.0
2013.0,Iqbal Abdulla,0.0,0.0
2013.0,J Botha,5.0,1.0
2013.0,J Syed Mohammad,1.0,0.0
2013.0,JA Morkel,2.0,3.0
2013.0,JD Unadkat,0.0,0.0
2013.0,JH Kallis,35.0,3.0
2013.0,JP Faulkner,5.0,2.0
2013.0,K Upadhyay,0.0,0.0
2013.0,KA Pollard,27.0,29.0
2013.0,KB Arun Karthik,3.0,1.0
2013.0,KC Sangakkara,13.0,0.0
2013.0,KD Karthik,54.0,14.0
2013.0,KK Cooper,4.0,2.0
2013.0,KK Nair,0.0,0.0
2013.0,KL Rahul,4.0,0.0
2013.0,KM Jadhav,8.0,5.0
2013.0,KV Sharma,6.0,2.0
2013.0,KW Richardson,2.0,1.0
2013.0,L Balaji,1.0,0.0
2013.0,LA Pomersbach,5.0,1.0
2013.0,LJ Wright,16.0,3.0
2013.0,LR Shukla,0.0,0.0
2013.0,LRPL Taylor,2.0,1.0
2013.0,M Kartik,0.0,0.0
2013.0,M Manhas,1.0,0.0
2013.0,M Morkel,6.0,2.0
2013.0,M Rawat,0.0,0.0
2013.0,M Vijay,27.0,8.0
2013.0,M Vohra,22.0,2.0
2013.0,MA Agarwal,6.0,3.0
2013.0,MC Henriques,20.0,3.0
2013.0,MC Juneja,11.0,1.0
2013.0,MDKJ Perera,3.0,0.0
2013.0,MEK Hussey,81.0,17.0
2013.0,MG Johnson,2.0,2.0
2013.0,MK Pandey,11.0,3.0
2013.0,MK Tiwary,12.0,1.0
2013.0,MM Patel,0.0,0.0
2013.0,MM Sharma,0.0,0.0
2013.0,MN Samuels,1.0,0.0
2013.0,MR Marsh,6.0,10.0
2013.0,MS Bisla,36.0,6.0
2013.0,MS Dhoni,32.0,25.0
2013.0,MS Gony,4.0,3.0
2013.0,Mandeep Singh,36.0,0.0
2013.0,Mohammed Shami,0.0,0.0
2013.0,NLTC Perera,12.0,14.0
2013.0,NM Coulter-Nile,0.0,1.0
2013.0,NV Ojha,1.0,0.0
2013.0,OA Shah,2.0,0.0
2013.0,P Awana,0.0,0.0
2013.0,P Dogra,0.0,0.0
2013.0,P Kumar,3.0,3.0
2013.0,PA Patel,37.0,4.0
2013.0,PA Reddy,9.0,0.0
2013.0,PC Valthaty,0.0,0.0
2013.0,PJ Sangwan,1.0,0.0
2013.0,PP Chawla,5.0,3.0
2013.0,PP Ojha,0.0,0.0
2013.0,PV Tambe,0.0,0.0
2013.0,Parvez Rasool,0.0,0.0
2013.0,Q de Kock,1.0,0.0
2013.0,R Ashwin,4.0,0.0
2013.0,R Bhatia,8.0,3.0
2013.0,R Dhawan,3.0,0.0
2013.0,R Dravid,64.0,5.0
2013.0,R McLaren,0.0,0.0
2013.0,R Rampaul,3.0,1.0
2013.0,R Sathish,9.0,5.0
2013.0,R Sharma,1.0,0.0
2013.0,R Shukla,0.0,0.0
2013.0,R Vinay Kumar,6.0,3.0
2013.0,RA Jadeja,17.0,6.0
2013.0,RE van der Merwe,2.0,0.0
2013.0,RG Sharma,35.0,28.0
2013.0,RJ Harris,0.0,0.0
2013.0,RN ten Doeschate,9.0,2.0
2013.0,RT Ponting,3.0,1.0
2013.0,RV Gomez,1.0,0.0
2013.0,RV Uthappa,42.0,12.0
2013.0,S Anirudha,0.0,0.0
2013.0,S Badrinath,11.0,0.0
2013.0,S Dhawan,37.0,5.0
2013.0,S Kaul,0.0,0.0
2013.0,S Nadeem,1.0,0.0
2013.0,S Narwal,4.0,0.0
2013.0,S Sreesanth,0.0,0.0
2013.0,SE Marsh,39.0,4.0
2013.0,SK Raina,50.0,18.0
2013.0,SK Trivedi,0.0,0.0
2013.0,SL Malinga,1.0,0.0
2013.0,SMSM Senanayake,0.0,0.0
2013.0,SP Narine,0.0,2.0
2013.0,SPD Smith,15.0,4.0
2013.0,SR Tendulkar,38.0,5.0
2013.0,SR Watson,59.0,22.0
2013.0,SS Tiwary,4.0,4.0
2013.0,STR Binny,25.0,12.0
2013.0,SV Samson,19.0,5.0
2013.0,SW Tait,0.0,0.0
2013.0,Sachin Baby,0.0,0.0
2013.0,Sandeep Sharma,0.0,0.0
2013.0,TL Suman,8.0,0.0
2013.0,TM Dilshan,12.0,0.0
2013.0,UA Birla,1.0,0.0
2013.0,UBT Chand,17.0,4.0
2013.0,UT Yadav,3.0,1.0
2013.0,V Kohli,64.0,22.0
2013.0,V Sehwag,41.0,6.0
2013.0,WD Parnell,0.0,0.0
2013.0,WP Saha,6.0,4.0
2013.0,X Thalaivan Sargunam,0.0,0.0
2013.0,YK Pathan,30.0,14.0
2013.0,Yuvraj Singh,14.0,15.0
2014.0,A Mishra,0.0,0.0
2014.0,AB Dinda,0.0,0.0
2014.0,AB de Villiers,26.0,24.0
2014.0,AD Russell,0.0,0.0
2014.0,AJ Finch,31.0,9.0
2014.0,AM Nayar,5.0,1.0
2014.0,AM Rahane,38.0,3.0
2014.0,AN Ahmed,1.0,0.0
2014.0,AP Tare,16.0,3.0
2014.0,AR Patel,6.0,1.0
2014.0,AT Rayudu,31.0,8.0
2014.0,Ankit Sharma,4.0,1.0
2014.0,B Kumar,0.0,0.0
2014.0,BB McCullum,32.0,19.0
2014.0,BCJ Cutting,0.0,1.0
2014.0,BE Hendricks,0.0,0.0
2014.0,BJ Hodge,4.0,6.0
2014.0,BR Dunk,7.0,0.0
2014.0,BW Hilfenhaus,0.0,0.0
2014.0,CA Lynn,5.0,3.0
2014.0,CA Pujara,17.0,0.0
2014.0,CH Gayle,18.0,12.0
2014.0,CJ Anderson,21.0,15.0
2014.0,CM Gautam,13.0,5.0
2014.0,DA Miller,34.0,21.0
2014.0,DA Warner,39.0,24.0
2014.0,DH Yagnik,0.0,0.0
2014.0,DJ Bravo,0.0,1.0
2014.0,DJ Hussey,8.0,6.0
2014.0,DJG Sammy,4.0,8.0
2014.0,DR Smith,50.0,34.0
2014.0,DS Kulkarni,1.0,2.0
2014.0,DW Steyn,1.0,0.0
2014.0,F du Plessis,26.0,7.0
2014.0,G Gambhir,36.0,4.0
2014.0,GJ Bailey,19.0,10.0
2014.0,GJ Maxwell,48.0,36.0
2014.0,HV Patel,1.0,1.0
2014.0,Harbhajan Singh,2.0,2.0
2014.0,IK Pathan,5.0,0.0
2014.0,Imran Tahir,2.0,0.0
2014.0,JA Morkel,1.0,3.0
2014.0,JD Unadkat,0.0,0.0
2014.0,JDS Neesham,3.0,1.0
2014.0,JH Kallis,13.0,4.0
2014.0,JJ Bumrah,0.0,0.0
2014.0,JO Holder,2.0,1.0
2014.0,JP Duminy,22.0,20.0
2014.0,JP Faulkner,8.0,16.0
2014.0,KA Pollard,15.0,15.0
2014.0,KD Karthik,28.0,11.0
2014.0,KK Cooper,2.0,3.0
2014.0,KK Nair,38.0,9.0
2014.0,KL Rahul,12.0,3.0
2014.0,KM Jadhav,13.0,7.0
2014.0,KP Pietersen,34.0,7.0
2014.0,KV Sharma,1.0,3.0
2014.0,KW Richardson,0.0,0.0
2014.0,Karanveer Singh,0.0,0.0
2014.0,L Balaji,0.0,0.0
2014.0,LMP Simmons,43.0,14.0
2014.0,LR Shukla,2.0,1.0
2014.0,LRPL Taylor,6.0,0.0
2014.0,M Manhas,3.0,1.0
2014.0,M Morkel,0.0,0.0
2014.0,M Vijay,20.0,5.0
2014.0,M Vohra,27.0,16.0
2014.0,M de Lange,0.0,0.0
2014.0,MA Agarwal,12.0,3.0
2014.0,MA Starc,9.0,0.0
2014.0,MC Henriques,1.0,0.0
2014.0,MEK Hussey,17.0,7.0
2014.0,MG Johnson,4.0,3.0
2014.0,MK Pandey,35.0,10.0
2014.0,MK Tiwary,14.0,4.0
2014.0,MM Sharma,0.0,0.0
2014.0,MS Bisla,0.0,0.0
2014.0,MS Dhoni,22.0,20.0
2014.0,Mandeep Singh,2.0,0.0
2014.0,Mohammed Shami,0.0,0.0
2014.0,NJ Maddinson,3.0,0.0
2014.0,NM Coulter-Nile,0.0,0.0
2014.0,NV Ojha,14.0,17.0
2014.0,P Kumar,0.0,0.0
2014.0,PA Patel,30.0,1.0
2014.0,PP Chawla,4.0,1.0
2014.0,PP Ojha,0.0,0.0
2014.0,PV Tambe,0.0,0.0
2014.0,Parvez Rasool,0.0,0.0
2014.0,Q de Kock,19.0,4.0
2014.0,R Ashwin,4.0,0.0
2014.0,R Bhatia,4.0,3.0
2014.0,R Dhawan,8.0,1.0
2014.0,R Rampaul,0.0,1.0
2014.0,R Shukla,2.0,0.0
2014.0,R Tewatia,0.0,1.0
2014.0,R Vinay Kumar,0.0,0.0
2014.0,RA Jadeja,9.0,5.0
2014.0,RG Sharma,31.0,16.0
2014.0,RN ten Doeschate,3.0,4.0
2014.0,RR Rossouw,2.0,2.0
2014.0,RV Uthappa,74.0,18.0
2014.0,S Anirudha,0.0,0.0
2014.0,S Dhawan,49.0,7.0
2014.0,S Gopal,1.0,0.0
2014.0,S Kaul,0.0,0.0
2014.0,S Nadeem,0.0,0.0
2014.0,S Rana,7.0,1.0
2014.0,SA Yadav,16.0,5.0
2014.0,SE Marsh,7.0,3.0
2014.0,SK Raina,51.0,19.0
2014.0,SL Malinga,0.0,0.0
2014.0,SP Narine,0.0,0.0
2014.0,SPD Smith,13.0,4.0
2014.0,SR Watson,19.0,14.0
2014.0,STR Binny,4.0,5.0
2014.0,SV Samson,25.0,17.0
2014.0,Sandeep Sharma,0.0,0.0
2014.0,Shakib Al Hasan,22.0,7.0
2014.0,Shivam Sharma,1.0,0.0
2014.0,TG Southee,1.0,0.0
2014.0,UBT Chand,0.0,0.0
2014.0,UT Yadav,0.0,0.0
2014.0,V Kohli,23.0,16.0
2014.0,V Sehwag,56.0,18.0
2014.0,VH Zol,3.0,1.0
2014.0,VR Aaron,2.0,1.0
2014.0,VS Malik,0.0,0.0
2014.0,WD Parnell,0.0,0.0
2014.0,WP Saha,33.0,18.0
2014.0,Y Venugopal Rao,8.0,0.0
2014.0,YK Pathan,15.0,20.0
2014.0,YS Chahal,0.0,0.0
2014.0,YV Takawale,17.0,1.0
2014.0,Yuvraj Singh,22.0,28.0
2014.0,Z Khan,0.0,1.0
2015.0,A Ashish Reddy,3.0,5.0
2015.0,A Mishra,0.0,0.0
2015.0,A Nehra,0.0,0.0
2015.0,AB de Villiers,60.0,22.0
2015.0,AD Mathews,12.0,6.0
2015.0,AD Russell,35.0,19.0
2015.0,AJ Finch,4.0,0.0
2015.0,AM Rahane,53.0,13.0
2015.0,AN Ahmed,2.0,0.0
2015.0,AP Tare,1.0,0.0
2015.0,AR Patel,13.0,8.0
2015.0,AT Rayudu,18.0,16.0
2015.0,Ankit Sharma,1.0,0.0
2015.0,Anureet Singh,0.0,1.0
2015.0,Azhar Mahmood,1.0,0.0
2015.0,B Kumar,2.0,1.0
2015.0,BB McCullum,51.0,23.0
2015.0,BE Hendricks,0.0,0.0
2015.0,Bipul Sharma,0.0,0.0
2015.0,CH Gayle,39.0,38.0
2015.0,CH Morris,3.0,5.0
2015.0,CJ Anderson,11.0,6.0
2015.0,CM Gautam,0.0,0.0
2015.0,D Wiese,12.0,4.0
2015.0,DA Miller,21.0,21.0
2015.0,DA Warner,65.0,21.0
2015.0,DJ Bravo,22.0,5.0
2015.0,DJ Hooda,6.0,11.0
2015.0,DJ Muthuswami,0.0,0.0
2015.0,DJG Sammy,0.0,0.0
2015.0,DR Smith,52.0,16.0
2015.0,DS Kulkarni,0.0,0.0
2015.0,DW Steyn,3.0,0.0
2015.0,EJG Morgan,11.0,11.0
2015.0,F du Plessis,37.0,5.0
2015.0,G Gambhir,41.0,4.0
2015.0,GB Hogg,0.0,0.0
2015.0,GH Vihari,6.0,0.0
2015.0,GJ Bailey,22.0,7.0
2015.0,GJ Maxwell,13.0,8.0
2015.0,Gurkeerat Singh,3.0,1.0
2015.0,HH Pandya,9.0,8.0
2015.0,HV Patel,0.0,2.0
2015.0,Harbhajan Singh,9.0,9.0
2015.0,Imran Tahir,0.0,0.0
2015.0,Iqbal Abdulla,4.0,0.0
2015.0,J Botha,5.0,1.0
2015.0,J Suchith,4.0,2.0
2015.0,J Theron,0.0,0.0
2015.0,JA Morkel,9.0,2.0
2015.0,JJ Bumrah,0.0,0.0
2015.0,JP Duminy,27.0,20.0
2015.0,JP Faulkner,12.0,5.0
2015.0,KA Pollard,28.0,28.0
2015.0,KD Karthik,15.0,4.0
2015.0,KK Nair,18.0,5.0
2015.0,KL Rahul,8.0,5.0
2015.0,KM Jadhav,16.0,7.0
2015.0,KS Williamson,1.0,1.0
2015.0,KV Sharma,3.0,6.0
2015.0,Karanveer Singh,1.0,0.0
2015.0,LMP Simmons,56.0,21.0
2015.0,M Morkel,0.0,0.0
2015.0,M Vijay,27.0,8.0
2015.0,M Vohra,4.0,5.0
2015.0,MA Agarwal,23.0,7.0
2015.0,MA Starc,1.0,0.0
2015.0,MC Henriques,19.0,13.0
2015.0,MEK Hussey,5.0,3.0
2015.0,MG Johnson,1.0,1.0
2015.0,MJ McClenaghan,0.0,2.0
2015.0,MK Pandey,22.0,7.0
2015.0,MK Tiwary,8.0,1.0
2015.0,MM Sharma,1.0,2.0
2015.0,MS Bisla,6.0,1.0
2015.0,MS Dhoni,27.0,17.0
2015.0,Mandeep Singh,17.0,6.0
2015.0,NJ Maddinson,1.0,0.0
2015.0,NLTC Perera,0.0,1.0
2015.0,NM Coulter-Nile,2.0,1.0
2015.0,NV Ojha,12.0,4.0
2015.0,P Kumar,1.0,0.0
2015.0,P Negi,10.0,5.0
2015.0,PA Patel,47.0,5.0
2015.0,PJ Cummins,0.0,0.0
2015.0,PP Chawla,5.0,2.0
2015.0,PV Tambe,0.0,0.0
2015.0,Parvez Rasool,0.0,0.0
2015.0,Q de Kock,18.0,4.0
2015.0,R Ashwin,6.0,1.0
2015.0,R Bhatia,0.0,0.0
2015.0,R Dhawan,2.0,2.0
2015.0,R Vinay Kumar,0.0,0.0
2015.0,RA Jadeja,7.0,3.0
2015.0,RG More,0.0,0.0
2015.0,RG Sharma,41.0,21.0
2015.0,RN ten Doeschate,4.0,3.0
2015.0,RR Rossouw,1.0,1.0
2015.0,RS Bopara,6.0,6.0
2015.0,RV Uthappa,42.0,7.0
2015.0,S Aravind,0.0,0.0
2015.0,S Dhawan,45.0,6.0
2015.0,S Gopal,0.0,0.0
2015.0,S Nadeem,0.0,0.0
2015.0,SA Abbott,1.0,1.0
2015.0,SA Yadav,12.0,8.0
2015.0,SE Marsh,7.0,3.0
2015.0,SK Raina,31.0,16.0
2015.0,SL Malinga,1.0,0.0
2015.0,SN Khan,12.0,2.0
2015.0,SN Thakur,1.0,0.0
2015.0,SP Narine,0.0,0.0
2015.0,SPD Smith,33.0,3.0
2015.0,SR Watson,37.0,14.0
2015.0,SS Iyer,41.0,21.0
2015.0,SS Tiwary,9.0,5.0
2015.0,STR Binny,7.0,1.0
2015.0,SV Samson,16.0,8.0
2015.0,Sandeep Sharma,1.0,0.0
2015.0,Shakib Al Hasan,5.0,0.0
2015.0,TG Southee,1.0,0.0
2015.0,UBT Chand,13.0,2.0
2015.0,UT Yadav,5.0,1.0
2015.0,V Kohli,35.0,23.0
2015.0,V Sehwag,12.0,3.0
2015.0,VR Aaron,0.0,1.0
2015.0,WP Saha,16.0,10.0
2015.0,YK Pathan,29.0,12.0
2015.0,YS Chahal,0.0,0.0
2015.0,Yuvraj Singh,23.0,10.0
2016.0,A Ashish Reddy,2.0,4.0
2016.0,A Mishra,0.0,0.0
2016.0,A Nehra,0.0,0.0
2016.0,A Zampa,0.0,0.0
2016.0,AB de Villiers,57.0,37.0
2016.0,AD Nath,1.0,0.0
2016.0,AD Russell,10.0,15.0
2016.0,AJ Finch,45.0,11.0
2016.0,AM Rahane,54.0,9.0
2016.0,AP Tare,1.0,0.0
2016.0,AR Patel,4.0,8.0
2016.0,AT Rayudu,28.0,12.0
2016.0,Ankit Sharma,0.0,0.0
2016.0,B Kumar,6.0,1.0
2016.0,BB McCullum,38.0,16.0
2016.0,BB Sran,0.0,0.0
2016.0,BCJ Cutting,4.0,6.0
2016.0,Bipul Sharma,1.0,5.0
2016.0,C Munro,3.0,0.0
2016.0,CA Lynn,0.0,1.0
2016.0,CH Gayle,17.0,21.0
2016.0,CH Morris,15.0,12.0
2016.0,CJ Jordan,0.0,0.0
2016.0,CR Brathwaite,6.0,8.0
2016.0,D Wiese,0.0,0.0
2016.0,DA Miller,11.0,4.0
2016.0,DA Warner,88.0,31.0
2016.0,DJ Bravo,11.0,1.0
2016.0,DJ Hooda,9.0,5.0
2016.0,DR Smith,35.0,16.0
2016.0,DS Kulkarni,3.0,0.0
2016.0,DW Steyn,0.0,0.0
2016.0,EJG Morgan,8.0,4.0
2016.0,ER Dwivedi,2.0,2.0
2016.0,F Behardien,2.0,0.0
2016.0,F du Plessis,17.0,9.0
2016.0,G Gambhir,54.0,6.0
2016.0,GB Hogg,0.0,0.0
2016.0,GJ Bailey,9.0,2.0
2016.0,GJ Maxwell,14.0,8.0
2016.0,Gurkeerat Singh,11.0,3.0
2016.0,HH Pandya,4.0,0.0
2016.0,HM Amla,20.0,4.0
2016.0,HV Patel,0.0,0.0
2016.0,Harbhajan Singh,11.0,2.0
2016.0,I Sharma,0.0,0.0
2016.0,IK Pathan,0.0,0.0
2016.0,Imran Tahir,1.0,0.0
2016.0,Iqbal Abdulla,4.0,1.0
2016.0,Ishan Kishan,5.0,0.0
2016.0,J Yadav,0.0,0.0
2016.0,JA Morkel,0.0,2.0
2016.0,JC Buttler,23.0,11.0
2016.0,JJ Bumrah,1.0,0.0
2016.0,JO Holder,2.0,1.0
2016.0,JP Duminy,13.0,3.0
2016.0,JP Faulkner,7.0,0.0
2016.0,KA Pollard,11.0,16.0
2016.0,KC Cariappa,0.0,1.0
2016.0,KD Karthik,38.0,3.0
2016.0,KH Pandya,22.0,13.0
2016.0,KJ Abbott,0.0,1.0
2016.0,KK Nair,40.0,6.0
2016.0,KL Rahul,37.0,16.0
2016.0,KM Jadhav,2.0,2.0
2016.0,KP Pietersen,4.0,3.0
2016.0,KS Williamson,14.0,0.0
2016.0,KV Sharma,3.0,1.0
2016.0,KW Richardson,0.0,0.0
2016.0,LMP Simmons,0.0,1.0
2016.0,M Ashwin,0.0,0.0
2016.0,M Morkel,0.0,0.0
2016.0,M Vijay,50.0,10.0
2016.0,M Vohra,19.0,3.0
2016.0,MA Agarwal,3.0,1.0
2016.0,MC Henriques,15.0,6.0
2016.0,MG Johnson,0.0,0.0
2016.0,MJ Guptill,3.0,3.0
2016.0,MJ McClenaghan,2.0,3.0
2016.0,MK Pandey,17.0,9.0
2016.0,MM Sharma,3.0,1.0
2016.0,MP Stoinis,13.0,4.0
2016.0,MR Marsh,0.0,0.0
2016.0,MS Dhoni,18.0,14.0
2016.0,Mohammed Shami,0.0,0.0
2016.0,N Rana,7.0,8.0
2016.0,NLTC Perera,7.0,11.0
2016.0,NM Coulter-Nile,1.0,0.0
2016.0,NS Naik,1.0,0.0
2016.0,NV Ojha,7.0,5.0
2016.0,P Kumar,3.0,0.0
2016.0,P Negi,2.0,3.0
2016.0,P Sahu,1.0,1.0
2016.0,PA Patel,23.0,4.0
2016.0,PP Chawla,4.0,0.0
2016.0,PSP Handscomb,0.0,0.0
2016.0,PV Tambe,1.0,0.0
2016.0,Parvez Rasool,1.0,0.0
2016.0,Q de Kock,52.0,13.0
2016.0,R Ashwin,3.0,1.0
2016.0,R Bhatia,1.0,2.0
2016.0,R Dhawan,0.0,1.0
2016.0,R Sathish,1.0,1.0
2016.0,R Vinay Kumar,0.0,1.0
2016.0,RA Jadeja,14.0,4.0
2016.0,RG Sharma,49.0,16.0
2016.0,RR Pant,19.0,6.0
2016.0,RV Uthappa,45.0,8.0
2016.0,S Dhawan,51.0,8.0
2016.0,S Gopal,0.0,0.0
2016.0,S Kaushik,0.0,0.0
2016.0,S Nadeem,0.0,0.0
2016.0,SA Yadav,18.0,5.0
2016.0,SB Jakati,0.0,0.0
2016.0,SE Marsh,13.0,4.0
2016.0,SK Raina,39.0,10.0
2016.0,SN Khan,7.0,4.0
2016.0,SP Narine,0.0,0.0
2016.0,SPD Smith,27.0,8.0
2016.0,SR Watson,14.0,12.0
2016.0,SS Iyer,2.0,1.0
2016.0,SS Tiwary,17.0,4.0
2016.0,STR Binny,5.0,4.0
2016.0,SV Samson,20.0,8.0
2016.0,SW Billings,4.0,4.0
2016.0,Sachin Baby,9.0,5.0
2016.0,Sandeep Sharma,0.0,0.0
2016.0,Shakib Al Hasan,7.0,5.0
2016.0,Swapnil Singh,0.0,0.0
2016.0,TG Southee,1.0,2.0
2016.0,TM Head,3.0,2.0
2016.0,UBT Chand,0.0,0.0
2016.0,UT Khawaja,14.0,3.0
2016.0,UT Yadav,0.0,1.0
2016.0,V Kohli,83.0,38.0
2016.0,VR Aaron,0.0,0.0
2016.0,WP Saha,29.0,1.0
2016.0,YK Pathan,33.0,13.0
2016.0,Yuvraj Singh,22.0,13.0
2016.0,Z Khan,1.0,0.0
2017.0,A Choudhary,1.0,1.0
2017.0,A Mishra,2.0,2.0
2017.0,A Nehra,0.0,0.0
2017.0,A Zampa,1.0,0.0
2017.0,AB Dinda,1.0,0.0
2017.0,AB de Villiers,12.0,16.0
2017.0,AD Mathews,2.0,1.0
2017.0,AD Nath,0.0,0.0
2017.0,AF Milne,0.0,0.0
2017.0,AJ Finch,25.0,19.0
2017.0,AJ Tye,4.0,3.0
2017.0,AM Rahane,35.0,9.0
2017.0,AP Tare,3.0,0.0
2017.0,AR Bawne,1.0,0.0
2017.0,AR Patel,11.0,11.0
2017.0,AS Rajpoot,1.0,0.0
2017.0,AT Rayudu,7.0,3.0
2017.0,Ankit Sharma,2.0,1.0
2017.0,Ankit Soni,0.0,1.0
2017.0,Anureet Singh,2.0,0.0
2017.0,B Kumar,0.0,0.0
2017.0,BA Stokes,22.0,15.0
2017.0,BB McCullum,29.0,18.0
2017.0,BCJ Cutting,5.0,3.0
2017.0,Basil Thampi,1.0,1.0
2017.0,Bipul Sharma,2.0,1.0
2017.0,C de Grandhomme,10.0,6.0
2017.0,CA Lynn,25.0,19.0
2017.0,CH Gayle,15.0,14.0
2017.0,CH Morris,15.0,6.0
2017.0,CJ Anderson,8.0,9.0
2017.0,CJ Jordan,0.0,0.0
2017.0,CR Brathwaite,2.0,0.0
2017.0,CR Woakes,4.0,1.0
2017.0,DA Miller,4.0,4.0
2017.0,DA Warner,63.0,26.0
2017.0,DJ Hooda,5.0,4.0
2017.0,DL Chahar,0.0,2.0
2017.0,DM Bravo,1.0,0.0
2017.0,DR Smith,32.0,8.0
2017.0,DS Kulkarni,0.0,0.0
2017.0,DT Christian,5.0,5.0
2017.0,EJG Morgan,6.0,2.0
2017.0,F du Plessis,1.0,0.0
2017.0,G Gambhir,62.0,7.0
2017.0,GJ Maxwell,19.0,26.0
2017.0,HH Pandya,11.0,20.0
2017.0,HM Amla,40.0,17.0
2017.0,Harbhajan Singh,0.0,1.0
2017.0,I Sharma,1.0,0.0
2017.0,IK Pathan,0.0,0.0
2017.0,IR Jaggi,3.0,0.0
2017.0,Imran Tahir,0.0,0.0
2017.0,Iqbal Abdulla,0.0,0.0
2017.0,Ishan Kishan,29.0,13.0
2017.0,JC Buttler,27.0,15.0
2017.0,JD Unadkat,0.0,0.0
2017.0,JJ Bumrah,0.0,1.0
2017.0,JJ Roy,9.0,1.0
2017.0,JP Faulkner,4.0,0.0
2017.0,K Rabada,5.0,1.0
2017.0,KA Pollard,26.0,22.0
2017.0,KC Cariappa,0.0,0.0
2017.0,KD Karthik,30.0,11.0
2017.0,KH Pandya,24.0,7.0
2017.0,KK Nair,39.0,6.0
2017.0,KM Jadhav,25.0,10.0
2017.0,KS Williamson,20.0,10.0
2017.0,KV Sharma,5.0,2.0
2017.0,Kuldeep Yadav,2.0,0.0
2017.0,LH Ferguson,0.0,0.0
2017.0,LMP Simmons,10.0,8.0
2017.0,M Vohra,23.0,9.0
2017.0,MA Agarwal,3.0,0.0
2017.0,MC Henriques,28.0,4.0
2017.0,MG Johnson,1.0,1.0
2017.0,MJ Guptill,17.0,5.0
2017.0,MJ McClenaghan,0.0,1.0
2017.0,MK Pandey,28.0,12.0
2017.0,MK Tiwary,31.0,11.0
2017.0,MM Patel,0.0,0.0
2017.0,MM Sharma,3.0,1.0
2017.0,MN Samuels,1.0,2.0
2017.0,MP Stoinis,1.0,0.0
2017.0,MS Dhoni,15.0,16.0
2017.0,Mandeep Singh,21.0,4.0
2017.0,Mohammad Nabi,0.0,0.0
2017.0,Mohammed Shami,4.0,2.0
2017.0,N Rana,24.0,17.0
2017.0,NM Coulter-Nile,0.0,2.0
2017.0,NV Ojha,2.0,3.0
2017.0,P Kumar,0.0,0.0
2017.0,P Negi,10.0,7.0
2017.0,PA Patel,49.0,8.0
2017.0,PJ Cummins,5.0,4.0
2017.0,PJ Sangwan,0.0,0.0
2017.0,PP Chawla,0.0,0.0
2017.0,R Bhatia,0.0,1.0
2017.0,R Tewatia,4.0,0.0
2017.0,RA Jadeja,13.0,4.0
2017.0,RA Tripathi,43.0,17.0
2017.0,RD Chahar,0.0,0.0
2017.0,RG Sharma,31.0,9.0
2017.0,RR Pant,28.0,24.0
2017.0,RV Uthappa,36.0,21.0
2017.0,Rashid Khan,0.0,1.0
2017.0,S Aravind,2.0,0.0
2017.0,S Badree,0.0,0.0
2017.0,S Dhawan,53.0,9.0
2017.0,S Kaul,0.0,0.0
2017.0,S Nadeem,0.0,0.0
2017.0,SA Yadav,8.0,3.0
2017.0,SE Marsh,36.0,5.0
2017.0,SK Raina,42.0,13.0
2017.0,SL Malinga,0.0,1.0
2017.0,SN Thakur,0.0,0.0
2017.0,SP Jackson,5.0,0.0
2017.0,SP Narine,34.0,10.0
2017.0,SPD Smith,38.0,12.0
2017.0,SR Watson,6.0,1.0
2017.0,SS Iyer,36.0,10.0
2017.0,SS Tiwary,9.0,0.0
2017.0,STR Binny,6.0,3.0
2017.0,SV Samson,32.0,19.0
2017.0,SW Billings,19.0,1.0
2017.0,Sachin Baby,2.0,0.0
2017.0,Sandeep Sharma,0.0,0.0
2017.0,Shakib Al Hasan,0.0,0.0
2017.0,Swapnil Singh,0.0,0.0
2017.0,TA Boult,0.0,0.0
2017.0,TG Southee,0.0,1.0
2017.0,TM Head,9.0,6.0
2017.0,TS Mills,0.0,1.0
2017.0,UT Yadav,0.0,0.0
2017.0,V Kohli,23.0,11.0
2017.0,V Shankar,12.0,1.0
2017.0,VR Aaron,0.0,0.0
2017.0,Vishnu Vinod,1.0,1.0
2017.0,WP Saha,20.0,8.0
2017.0,Washington Sundar,0.0,0.0
2017.0,YK Pathan,9.0,6.0
2017.0,YS Chahal,0.0,0.0
2017.0,Yuvraj Singh,30.0,8.0
2017.0,Z Khan,0.0,0.0
2018.0,A Dananjaya,0.0,0.0
2018.0,A Mishra,0.0,0.0
2018.0,AB de Villiers,39.0,30.0
2018.0,AD Hales,13.0,6.0
2018.0,AD Nath,1.0,0.0
2018.0,AD Russell,17.0,31.0
2018.0,AJ Finch,6.0,8.0
2018.0,AJ Tye,2.0,1.0
2018.0,AM Rahane,39.0,5.0
2018.0,AR Patel,3.0,4.0
2018.0,AS Rajpoot,1.0,0.0
2018.0,AT Rayudu,53.0,34.0
2018.0,Abhishek Sharma,3.0,5.0
2018.0,Anureet Singh,0.0,0.0
2018.0,B Kumar,1.0,0.0
2018.0,B Laughlin,0.0,0.0
2018.0,B Stanlake,1.0,0.0
2018.0,BA Stokes,13.0,6.0
2018.0,BB McCullum,16.0,6.0
2018.0,BB Sran,0.0,0.0
2018.0,BCJ Cutting,5.0,8.0
2018.0,Basil Thampi,0.0,0.0
2018.0,C Munro,7.0,4.0
2018.0,C de Grandhomme,4.0,10.0
2018.0,CA Lynn,56.0,18.0
2018.0,CH Gayle,30.0,27.0
2018.0,CH Morris,3.0,2.0
2018.0,CJ Anderson,0.0,1.0
2018.0,CR Brathwaite,1.0,8.0
2018.0,CR Woakes,1.0,1.0
2018.0,DA Miller,3.0,2.0
2018.0,DJ Bravo,8.0,10.0
2018.0,DJ Hooda,2.0,3.0
2018.0,DJM Short,11.0,5.0
2018.0,DL Chahar,1.0,4.0
2018.0,DR Shorey,0.0,1.0
2018.0,DS Kulkarni,0.0,0.0
2018.0,DT Christian,0.0,1.0
2018.0,E Lewis,32.0,24.0
2018.0,F du Plessis,17.0,6.0
2018.0,G Gambhir,8.0,1.0
2018.0,GJ Maxwell,14.0,9.0
2018.0,H Klaasen,5.0,1.0
2018.0,HH Pandya,20.0,11.0
2018.0,HV Patel,1.0,6.0
2018.0,Harbhajan Singh,3.0,1.0
2018.0,IS Sodhi,0.0,0.0
2018.0,Imran Tahir,0.0,0.0
2018.0,Ishan Kishan,22.0,17.0
2018.0,JC Archer,2.0,0.0
2018.0,JC Buttler,52.0,21.0
2018.0,JD Unadkat,6.0,1.0
2018.0,JJ Bumrah,1.0,0.0
2018.0,JJ Roy,9.0,7.0
2018.0,JP Duminy,3.0,1.0
2018.0,JPR Scantlebury-Searles,0.0,1.0
2018.0,K Gowtham,9.0,9.0
2018.0,KA Pollard,10.0,7.0
2018.0,KD Karthik,49.0,16.0
2018.0,KH Pandya,22.0,10.0
2018.0,KK Nair,23.0,13.0
2018.0,KL Rahul,66.0,32.0
2018.0,KM Jadhav,1.0,2.0
2018.0,KS Williamson,63.0,28.0
2018.0,KV Sharma,0.0,0.0
2018.0,Kuldeep Yadav,1.0,0.0
2018.0,LE Plunkett,0.0,0.0
2018.0,M Ashwin,0.0,0.0
2018.0,M Markande,2.0,0.0
2018.0,M Prasidh Krishna,0.0,0.0
2018.0,M Vijay,0.0,1.0
2018.0,M Vohra,2.0,4.0
2018.0,MA Agarwal,9.0,5.0
2018.0,MA Wood,0.0,0.0
2018.0,MG Johnson,2.0,0.0
2018.0,MJ McClenaghan,1.0,1.0
2018.0,MK Lomror,1.0,0.0
2018.0,MK Pandey,22.0,5.0
2018.0,MK Tiwary,4.0,1.0
2018.0,MM Ali,4.0,6.0
2018.0,MM Sharma,1.0,0.0
2018.0,MP Stoinis,6.0,4.0
2018.0,MS Dhoni,24.0,30.0
2018.0,Mandeep Singh,16.0,11.0
2018.0,Mohammad Nabi,3.0,0.0
2018.0,Mohammed Shami,1.0,0.0
2018.0,Mohammed Siraj,2.0,1.0
2018.0,Mujeeb Ur Rahman,2.0,0.0
2018.0,Mustafizur Rahman,0.0,0.0
2018.0,N Rana,26.0,14.0
2018.0,NV Ojha,0.0,0.0
2018.0,P Chopra,2.0,0.0
2018.0,P Negi,0.0,0.0
2018.0,PA Patel,20.0,4.0
2018.0,PJ Sangwan,0.0,0.0
2018.0,PP Chawla,1.0,1.0
2018.0,PP Shaw,27.0,10.0
2018.0,Q de Kock,20.0,8.0
2018.0,R Ashwin,7.0,5.0
2018.0,R Tewatia,5.0,1.0
2018.0,R Vinay Kumar,1.0,0.0
2018.0,RA Jadeja,3.0,4.0
2018.0,RA Tripathi,18.0,8.0
2018.0,RG Sharma,25.0,12.0
2018.0,RK Bhui,0.0,0.0
2018.0,RK Singh,4.0,0.0
2018.0,RR Pant,68.0,37.0
2018.0,RV Uthappa,30.0,21.0
2018.0,Rashid Khan,3.0,6.0
2018.0,S Dhawan,59.0,14.0
2018.0,S Gopal,5.0,0.0
2018.0,S Kaul,0.0,0.0
2018.0,S Nadeem,0.0,0.0
2018.0,SA Yadav,61.0,16.0
2018.0,SK Raina,46.0,12.0
2018.0,SN Khan,7.0,1.0
2018.0,SN Thakur,3.0,0.0
2018.0,SP Goswami,6.0,1.0
2018.0,SP Narine,40.0,23.0
2018.0,SR Watson,44.0,35.0
2018.0,SS Iyer,29.0,21.0
2018.0,STR Binny,2.0,2.0
2018.0,SV Samson,30.0,19.0
2018.0,SW Billings,8.0,5.0
2018.0,Sandeep Sharma,0.0,0.0
2018.0,Shakib Al Hasan,26.0,5.0
2018.0,Shivam Mavi,1.0,0.0
2018.0,Shubman Gill,22.0,5.0
2018.0,TA Boult,0.0,0.0
2018.0,TG Southee,5.0,1.0
2018.0,TK Curran,3.0,0.0
2018.0,UT Yadav,0.0,0.0
2018.0,V Kohli,52.0,18.0
2018.0,V Shankar,11.0,11.0
2018.0,WP Saha,17.0,1.0
2018.0,Washington Sundar,5.0,4.0
2018.0,YK Pathan,22.0,11.0
2018.0,YS Chahal,0.0,0.0
2018.0,Yuvraj Singh,6.0,2.0
2019.0,A Mishra,2.0,0.0
2019.0,AB de Villiers,31.0,26.0
2019.0,AD Nath,5.0,2.0
2019.0,AD Russell,31.0,52.0
2019.0,AJ Turner,0.0,0.0
2019.0,AJ Tye,0.0,0.0
2019.0,AM Rahane,45.0,9.0
2019.0,AR Patel,10.0,3.0
2019.0,AS Joseph,2.0,0.0
2019.0,AT Rayudu,20.0,7.0
2019.0,Abhishek Sharma,1.0,0.0
2019.0,Avesh Khan,1.0,0.0
2019.0,B Kumar,1.0,0.0
2019.0,BA Stokes,8.0,4.0
2019.0,BB Sran,0.0,0.0
2019.0,BCJ Cutting,1.0,1.0
2019.0,Basil Thampi,0.0,0.0
2019.0,C Munro,9.0,4.0
2019.0,C de Grandhomme,4.0,2.0
2019.0,CA Ingram,20.0,5.0
2019.0,CA Lynn,41.0,22.0
2019.0,CH Gayle,45.0,34.0
2019.0,CH Morris,1.0,2.0
2019.0,CR Brathwaite,1.0,0.0
2019.0,DA Miller,19.0,7.0
2019.0,DA Warner,57.0,21.0
2019.0,DJ Bravo,6.0,3.0
2019.0,DJ Hooda,5.0,1.0
2019.0,DL Chahar,1.0,0.0
2019.0,DR Shorey,0.0,0.0
2019.0,DS Kulkarni,1.0,0.0
2019.0,DW Steyn,0.0,0.0
2019.0,E Lewis,4.0,2.0
2019.0,F du Plessis,36.0,15.0
2019.0,GC Viljoen,0.0,0.0
2019.0,GH Vihari,0.0,0.0
2019.0,Gurkeerat Singh,11.0,2.0
2019.0,H Klaasen,0.0,0.0
2019.0,HF Gurney,0.0,0.0
2019.0,HH Pandya,28.0,29.0
2019.0,HV Patel,0.0,0.0
2019.0,Harbhajan Singh,0.0,0.0
2019.0,Harpreet Brar,2.0,1.0
2019.0,I Sharma,1.0,1.0
2019.0,IS Sodhi,0.0,0.0
2019.0,Imran Tahir,0.0,0.0
2019.0,Ishan Kishan,8.0,4.0
2019.0,J Suchith,0.0,0.0
2019.0,JC Archer,4.0,4.0
2019.0,JC Buttler,38.0,14.0
2019.0,JD Unadkat,0.0,0.0
2019.0,JJ Bumrah,0.0,0.0
2019.0,JL Denly,0.0,0.0
2019.0,JM Bairstow,48.0,18.0
2019.0,K Gowtham,1.0,1.0
2019.0,K Rabada,0.0,1.0
2019.0,KA Pollard,14.0,22.0
2019.0,KC Cariappa,0.0,1.0
2019.0,KD Karthik,22.0,14.0
2019.0,KH Pandya,18.0,5.0
2019.0,KK Ahmed,0.0,0.0
2019.0,KK Nair,0.0,0.0
2019.0,KL Rahul,49.0,25.0
2019.0,KM Jadhav,19.0,3.0
2019.0,KMA Paul,1.0,1.0
2019.0,KS Williamson,12.0,5.0
2019.0,Kuldeep Yadav,1.0,0.0
2019.0,LS Livingstone,6.0,5.0
2019.0,M Ashwin,0.0,0.0
2019.0,M Markande,1.0,0.0
2019.0,M Prasidh Krishna,0.0,0.0
2019.0,M Vijay,6.0,1.0
2019.0,MA Agarwal,26.0,14.0
2019.0,MJ Guptill,4.0,7.0
2019.0,MJ McClenaghan,2.0,0.0
2019.0,MJ Santner,0.0,3.0
2019.0,MK Lomror,2.0,0.0
2019.0,MK Pandey,34.0,6.0
2019.0,MM Ali,16.0,17.0
2019.0,MM Sharma,0.0,0.0
2019.0,MP Stoinis,14.0,10.0
2019.0,MS Dhoni,22.0,23.0
2019.0,Mandeep Singh,10.0,4.0
2019.0,Mohammad Nabi,8.0,7.0
2019.0,Mohammed Shami,0.0,0.0
2019.0,Mohammed Siraj,0.0,0.0
2019.0,Mujeeb Ur Rahman,0.0,0.0
2019.0,N Pooran,9.0,14.0
2019.0,N Rana,27.0,21.0
2019.0,NA Saini,0.0,0.0
2019.0,NS Naik,1.0,0.0
2019.0,P Negi,1.0,0.0
2019.0,P Ray Barman,2.0,0.0
2019.0,PA Patel,48.0,10.0
2019.0,PP Chawla,4.0,2.0
2019.0,PP Shaw,45.0,9.0
2019.0,Prabhsimran Singh,1.0,1.0
2019.0,Q de Kock,45.0,25.0
2019.0,R Ashwin,3.0,3.0
2019.0,R Parag,17.0,5.0
2019.0,R Tewatia,2.0,1.0
2019.0,RA Jadeja,7.0,4.0
2019.0,RA Tripathi,13.0,2.0
2019.0,RD Chahar,2.0,0.0
2019.0,RG Sharma,52.0,10.0
2019.0,RK Bhui,0.0,0.0
2019.0,RK Singh,1.0,2.0
2019.0,RR Pant,37.0,27.0
2019.0,RV Uthappa,28.0,10.0
2019.0,Rashid Khan,2.0,2.0
2019.0,Rasikh Salam,0.0,0.0
2019.0,S Dhawan,64.0,11.0
2019.0,S Dube,1.0,3.0
2019.0,S Gopal,8.0,1.0
2019.0,S Kaul,0.0,0.0
2019.0,S Lamichhane,0.0,0.0
2019.0,SA Yadav,45.0,10.0
2019.0,SD Lad,1.0,1.0
2019.0,SE Rutherford,2.0,7.0
2019.0,SK Raina,45.0,9.0
2019.0,SM Curran,13.0,3.0
2019.0,SN Khan,19.0,4.0
2019.0,SN Thakur,1.0,1.0
2019.0,SO Hetmyer,4.0,7.0
2019.0,SP Narine,17.0,9.0
2019.0,SPD Smith,30.0,4.0
2019.0,SR Watson,42.0,20.0
2019.0,SS Iyer,41.0,14.0
2019.0,STR Binny,5.0,4.0
2019.0,SV Samson,28.0,13.0
2019.0,SW Billings,0.0,0.0
2019.0,Sandeep Sharma,1.0,0.0
2019.0,Shakib Al Hasan,0.0,0.0
2019.0,Shubman Gill,21.0,10.0
2019.0,TA Boult,0.0,1.0
2019.0,TG Southee,0.0,0.0
2019.0,UT Yadav,3.0,1.0
2019.0,V Kohli,46.0,13.0
2019.0,V Shankar,11.0,12.0
2019.0,VR Aaron,0.0,0.0
2019.0,WP Saha,13.0,1.0
2019.0,Washington Sundar,0.0,0.0
2019.0,Y Prithvi Raj,0.0,0.0
2019.0,YK Pathan,1.0,1.0
2019.0,YS Chahal,0.0,0.0
2019.0,Yuvraj Singh,7.0,6.0
2020.0,A Nortje,0.0,0.0
2020.0,AB de Villiers,33.0,23.0
2020.0,AD Russell,9.0,9.0
2020.0,AJ Finch,28.0,8.0
2020.0,AJ Tye,0.0,1.0
2020.0,AM Rahane,12.0,2.0
2020.0,AR Patel,6.0,8.0
2020.0,AS Rajpoot,0.0,1.0
2020.0,AT Carey,0.0,1.0
2020.0,AT Rayudu,30.0,12.0
2020.0,Abdul Samad,8.0,6.0
2020.0,Abhishek Sharma,6.0,3.0
2020.0,Arshdeep Singh,0.0,0.0
2020.0,B Kumar,0.0,0.0
2020.0,BA Stokes,36.0,7.0
2020.0,CH Gayle,15.0,23.0
2020.0,CH Morris,2.0,3.0
2020.0,CJ Jordan,2.0,0.0
2020.0,CV Varun,0.0,0.0
2020.0,D Padikkal,51.0,8.0
2020.0,DA Miller,0.0,0.0
2020.0,DA Warner,52.0,14.0
2020.0,DJ Bravo,0.0,0.0
2020.0,DJ Hooda,5.0,5.0
2020.0,DL Chahar,0.0,0.0
2020.0,DR Sams,0.0,0.0
2020.0,DS Kulkarni,0.0,0.0
2020.0,DW Steyn,0.0,0.0
2020.0,EJG Morgan,32.0,24.0
2020.0,F du Plessis,42.0,14.0
2020.0,GJ Maxwell,9.0,0.0
2020.0,Gurkeerat Singh,8.0,0.0
2020.0,HH Pandya,14.0,25.0
2020.0,HV Patel,2.0,0.0
2020.0,I Udana,1.0,1.0
2020.0,Imran Tahir,2.0,0.0
2020.0,Ishan Kishan,36.0,30.0
2020.0,JC Archer,5.0,10.0
2020.0,JC Buttler,27.0,16.0
2020.0,JD Unadkat,0.0,0.0
2020.0,JDS Neesham,0.0,1.0
2020.0,JJ Bumrah,0.0,0.0
2020.0,JL Pattinson,2.0,0.0
2020.0,JM Bairstow,31.0,13.0
2020.0,JO Holder,5.0,3.0
2020.0,JR Philippe,9.0,1.0
2020.0,K Gowtham,3.0,2.0
2020.0,K Rabada,4.0,2.0
2020.0,KA Pollard,15.0,22.0
2020.0,KD Karthik,20.0,4.0
2020.0,KH Pandya,9.0,5.0
2020.0,KK Ahmed,0.0,0.0
2020.0,KK Nair,2.0,0.0
2020.0,KL Nagarkoti,1.0,0.0
2020.0,KL Rahul,58.0,23.0
2020.0,KM Jadhav,7.0,0.0
2020.0,KS Williamson,26.0,10.0
2020.0,Kartik Tyagi,0.0,0.0
2020.0,Kuldeep Yadav,1.0,0.0
2020.0,LH Ferguson,4.0,1.0
2020.0,M Ashwin,0.0,0.0
2020.0,M Prasidh Krishna,0.0,0.0
2020.0,M Vijay,4.0,0.0
2020.0,MA Agarwal,44.0,15.0
2020.0,MK Lomror,2.0,3.0
2020.0,MK Pandey,35.0,18.0
2020.0,MM Ali,1.0,0.0
2020.0,MP Stoinis,31.0,16.0
2020.0,MR Marsh,0.0,0.0
2020.0,MS Dhoni,16.0,7.0
2020.0,Mandeep Singh,10.0,4.0
2020.0,Mohammad Nabi,2.0,0.0
2020.0,Mohammed Shami,0.0,0.0
2020.0,Mohammed Siraj,2.0,0.0
2020.0,Mujeeb Ur Rahman,0.0,0.0
2020.0,N Jagadeesan,4.0,0.0
2020.0,N Pooran,23.0,25.0
2020.0,N Rana,43.0,12.0
2020.0,NA Saini,3.0,0.0
2020.0,NM Coulter-Nile,4.0,0.0
2020.0,NS Naik,0.0,0.0
2020.0,P Dubey,0.0,0.0
2020.0,PJ Cummins,9.0,8.0
2020.0,PK Garg,9.0,4.0
2020.0,PP Shaw,27.0,8.0
2020.0,Prabhsimran Singh,2.0,0.0
2020.0,Q de Kock,46.0,22.0
2020.0,R Ashwin,3.0,1.0
2020.0,R Parag,6.0,3.0
2020.0,R Tewatia,13.0,17.0
2020.0,RA Jadeja,22.0,11.0
2020.0,RA Tripathi,21.0,10.0
2020.0,RD Chahar,0.0,0.0
2020.0,RD Gaikwad,16.0,6.0
2020.0,RG Sharma,27.0,19.0
2020.0,RK Singh,1.0,0.0
2020.0,RR Pant,31.0,9.0
2020.0,RV Uthappa,19.0,7.0
2020.0,Rashid Khan,3.0,2.0
2020.0,Ravi Bishnoi,1.0,0.0
2020.0,S Dhawan,67.0,12.0
2020.0,S Dube,5.0,9.0
2020.0,S Gopal,3.0,0.0
2020.0,S Nadeem,1.0,0.0
2020.0,SA Yadav,61.0,11.0
2020.0,SM Curran,12.0,12.0
2020.0,SN Khan,5.0,0.0
2020.0,SN Thakur,0.0,0.0
2020.0,SO Hetmyer,11.0,12.0
2020.0,SP Goswami,0.0,0.0
2020.0,SP Narine,10.0,8.0
2020.0,SPD Smith,32.0,9.0
2020.0,SR Watson,33.0,13.0
2020.0,SS Cottrell,0.0,0.0
2020.0,SS Iyer,40.0,16.0
2020.0,SS Tiwary,8.0,3.0
2020.0,SV Samson,21.0,26.0
2020.0,Sandeep Sharma,1.0,0.0
2020.0,Shahbaz Ahmed,0.0,0.0
2020.0,Shivam Mavi,1.0,0.0
2020.0,Shubman Gill,44.0,9.0
2020.0,T Banton,1.0,1.0
2020.0,T Natarajan,0.0,0.0
2020.0,TA Boult,0.0,0.0
2020.0,TK Curran,5.0,3.0
2020.0,TU Deshpande,2.0,1.0
2020.0,UT Yadav,0.0,0.0
2020.0,V Kohli,23.0,11.0
2020.0,V Shankar,10.0,1.0
2020.0,VR Aaron,0.0,0.0
2020.0,WP Saha,24.0,5.0
2020.0,Washington Sundar,10.0,2.0
2020.0,YBK Jaiswal,2.0,2.0
2020.0,YS Chahal,0.0,0.0
2021.0,AB de Villiers,23.0,16.0
2021.0,AD Russell,14.0,14.0
2021.0,AF Milne,0.0,1.0
2021.0,AK Markram,12.0,4.0
2021.0,AM Rahane,1.0,0.0
2021.0,AR Patel,2.0,1.0
2021.0,AT Rayudu,16.0,17.0
2021.0,Abdul Samad,4.0,8.0
2021.0,Abhishek Sharma,7.0,4.0
2021.0,Anmolpreet Singh,2.0,1.0
2021.0,Anuj Rawat,0.0,0.0
2021.0,Arshdeep Singh,0.0,0.0
2021.0,Avesh Khan,1.0,0.0
2021.0,B Kumar,3.0,0.0
2021.0,BA Stokes,0.0,0.0
2021.0,C Sakariya,2.0,0.0
2021.0,CA Lynn,4.0,3.0
2021.0,CH Gayle,21.0,8.0
2021.0,CH Morris,2.0,5.0
2021.0,CJ Jordan,1.0,3.0
2021.0,CR Woakes,2.0,0.0
2021.0,CV Varun,0.0,0.0
2021.0,D Padikkal,44.0,14.0
2021.0,DA Miller,11.0,3.0
2021.0,DA Warner,15.0,6.0
2021.0,DJ Bravo,3.0,4.0
2021.0,DJ Hooda,9.0,9.0
2021.0,DJ Malan,1.0,1.0
2021.0,DL Chahar,0.0,0.0
2021.0,DR Sams,0.0,0.0
2021.0,DS Kulkarni,0.0,0.0
2021.0,DT Christian,1.0,0.0
2021.0,E Lewis,18.0,7.0
2021.0,EJG Morgan,8.0,6.0
2021.0,F du Plessis,60.0,23.0
2021.0,FA Allen,0.0,0.0
2021.0,GD Phillips,1.0,2.0
2021.0,GHS Garton,0.0,0.0
2021.0,GJ Maxwell,48.0,21.0
2021.0,HH Pandya,11.0,5.0
2021.0,HV Patel,6.0,2.0
2021.0,Harbhajan Singh,0.0,0.0
2021.0,Harpreet Brar,3.0,2.0
2021.0,Ishan Kishan,21.0,10.0
2021.0,J Suchith,2.0,1.0
2021.0,J Yadav,2.0,1.0
2021.0,JA Richardson,2.0,0.0
2021.0,JC Buttler,27.0,13.0
2021.0,JD Unadkat,3.0,2.0
2021.0,JDS Neesham,0.0,0.0
2021.0,JJ Bumrah,2.0,0.0
2021.0,JJ Roy,21.0,1.0
2021.0,JM Bairstow,20.0,15.0
2021.0,JO Holder,2.0,6.0
2021.0,K Rabada,2.0,0.0
2021.0,K Yadav,0.0,0.0
2021.0,KA Jamieson,5.0,3.0
2021.0,KA Pollard,16.0,16.0
2021.0,KD Karthik,22.0,7.0
2021.0,KH Pandya,10.0,6.0
2021.0,KK Ahmed,0.0,0.0
2021.0,KL Nagarkoti,0.0,0.0
2021.0,KL Rahul,48.0,30.0
2021.0,KM Jadhav,2.0,2.0
2021.0,KS Bharat,10.0,8.0
2021.0,KS Williamson,29.0,2.0
2021.0,Kartik Tyagi,0.0,0.0
2021.0,LH Ferguson,1.0,1.0
2021.0,LS Livingstone,3.0,1.0
2021.0,Lalit Yadav,7.0,0.0
2021.0,M Ashwin,1.0,0.0
2021.0,M Jansen,0.0,0.0
2021.0,M Prasidh Krishna,0.0,0.0
2021.0,M Shahrukh Khan,9.0,10.0
2021.0,M Vohra,5.0,2.0
2021.0,MA Agarwal,42.0,18.0
2021.0,MC Henriques,0.0,1.0
2021.0,MK Lomror,3.0,6.0
2021.0,MK Pandey,21.0,10.0
2021.0,MM Ali,31.0,19.0
2021.0,MP Stoinis,11.0,1.0
2021.0,MS Dhoni,12.0,3.0
2021.0,Mandeep Singh,2.0,0.0
2021.0,Mohammad Nabi,3.0,2.0
2021.0,Mohammed Shami,0.0,0.0
2021.0,Mohammed Siraj,1.0,1.0
2021.0,Mujeeb Ur Rahman,0.0,0.0
2021.0,Mustafizur Rahman,0.0,1.0
2021.0,N Pooran,3.0,5.0
2021.0,N Rana,34.0,17.0
2021.0,NA Saini,0.0,0.0
2021.0,NM Coulter-Nile,0.0,0.0
2021.0,NT Ellis,0.0,1.0
2021.0,PJ Cummins,5.0,8.0
2021.0,PK Garg,2.0,3.0
2021.0,PP Chawla,0.0,0.0
2021.0,PP Shaw,56.0,18.0
2021.0,PWH de Silva,0.0,0.0
2021.0,Prabhsimran Singh,1.0,1.0
2021.0,Q de Kock,29.0,7.0
2021.0,R Ashwin,2.0,1.0
2021.0,R Parag,6.0,4.0
2021.0,R Tewatia,11.0,6.0
2021.0,RA Jadeja,19.0,9.0
2021.0,RA Tripathi,41.0,11.0
2021.0,RD Chahar,1.0,0.0
2021.0,RD Gaikwad,64.0,23.0
2021.0,RG Sharma,33.0,14.0
2021.0,RM Patidar,3.0,3.0
2021.0,RP Meredith,0.0,0.0
2021.0,RR Pant,42.0,10.0
2021.0,RV Patel,3.0,0.0
2021.0,RV Uthappa,8.0,5.0
2021.0,Rashid Khan,9.0,2.0
2021.0,Ravi Bishnoi,0.0,0.0
2021.0,S Dhawan,63.0,16.0
2021.0,S Dube,18.0,10.0
2021.0,S Gopal,0.0,1.0
2021.0,S Kaul,1.0,0.0
2021.0,S Nadeem,0.0,0.0
2021.0,SA Yadav,40.0,10.0
2021.0,SK Raina,13.0,9.0
2021.0,SM Curran,5.0,3.0
2021.0,SN Khan,0.0,0.0
2021.0,SN Thakur,0.0,0.0
2021.0,SO Hetmyer,19.0,12.0
2021.0,SP Narine,3.0,5.0
2021.0,SPD Smith,13.0,2.0
2021.0,SS Iyer,7.0,5.0
2021.0,SS Tiwary,10.0,2.0
2021.0,SV Samson,45.0,17.0
2021.0,Sachin Baby,0.0,0.0
2021.0,Sandeep Sharma,1.0,0.0
2021.0,Shahbaz Ahmed,4.0,2.0
2021.0,Shakib Al Hasan,3.0,1.0
2021.0,Shivam Mavi,2.0,2.0
2021.0,Shubman Gill,50.0,12.0
2021.0,T Natarajan,0.0,0.0
2021.0,T Shamsi,0.0,0.0
2021.0,TA Boult,0.0,0.0
2021.0,TG Southee,0.0,0.0
2021.0,TH David,0.0,0.0
2021.0,TK Curran,2.0,0.0
2021.0,TL Seifert,0.0,0.0
2021.0,V Kohli,43.0,9.0
2021.0,V Shankar,1.0,3.0
2021.0,VR Iyer,37.0,14.0
2021.0,Virat Singh,1.0,0.0
2021.0,WP Saha,7.0,5.0
2021.0,Washington Sundar,2.0,0.0
2021.0,YBK Jaiswal,32.0,10.0
2021.0,YS Chahal,0.0,0.0
2022.0,A Badoni,11.0,7.0
2022.0,A Manohar,14.0,3.0
2022.0,A Nortje,0.0,0.0
2022.0,A Tomar,1.0,0.0
2022.0,AD Russell,18.0,32.0
2022.0,AJ Finch,10.0,3.0
2022.0,AK Markram,25.0,19.0
2022.0,AM Rahane,14.0,4.0
2022.0,AR Patel,12.0,10.0
2022.0,AS Joseph,0.0,0.0
2022.0,AS Roy,0.0,0.0
2022.0,AT Rayudu,25.0,15.0
2022.0,Abdul Samad,0.0,0.0
2022.0,Abhishek Sharma,47.0,13.0
2022.0,Akash Deep,0.0,0.0
2022.0,Aman Hakim Khan,1.0,0.0
2022.0,Anmolpreet Singh,1.0,0.0
2022.0,Anuj Rawat,10.0,7.0
2022.0,Arshdeep Singh,3.0,0.0
2022.0,Avesh Khan,0.0,3.0
2022.0,B Indrajith,2.0,0.0
2022.0,B Kumar,3.0,0.0
2022.0,B Sai Sudharsan,14.0,3.0
2022.0,CJ Jordan,0.0,0.0
2022.0,CV Varun,2.0,0.0
2022.0,D Brevis,14.0,11.0
2022.0,D Padikkal,40.0,14.0
2022.0,D Pretorius,3.0,3.0
2022.0,DA Miller,32.0,23.0
2022.0,DA Warner,52.0,15.0
2022.0,DJ Bravo,1.0,1.0
2022.0,DJ Hooda,36.0,18.0
2022.0,DJ Mitchell,1.0,0.0
2022.0,DJ Willey,3.0,0.0
2022.0,DP Conway,22.0,12.0
2022.0,DR Sams,1.0,3.0
2022.0,E Lewis,8.0,3.0
2022.0,F du Plessis,49.0,13.0
2022.0,FA Allen,1.0,0.0
2022.0,Fazalhaq Farooqi,0.0,0.0
2022.0,GJ Maxwell,31.0,15.0
2022.0,HE van der Dussen,2.0,0.0
2022.0,HH Pandya,49.0,12.0
2022.0,HR Shokeen,5.0,0.0
2022.0,HV Patel,4.0,2.0
2022.0,Harpreet Brar,1.0,2.0
2022.0,Harshit Rana,0.0,0.0
2022.0,Ishan Kishan,45.0,11.0
2022.0,J Suchith,0.0,0.0
2022.0,JC Buttler,83.0,45.0
2022.0,JD Unadkat,4.0,3.0
2022.0,JDS Neesham,3.0,0.0
2022.0,JJ Bumrah,0.0,0.0
2022.0,JM Bairstow,34.0,9.0
2022.0,JM Sharma,22.0,12.0
2022.0,JO Holder,2.0,6.0
2022.0,JR Hazlewood,1.0,0.0
2022.0,K Gowtham,0.0,0.0
2022.0,K Kartikeya,0.0,0.0
2022.0,K Rabada,5.0,2.0
2022.0,KA Pollard,6.0,9.0
2022.0,KD Karthik,27.0,22.0
2022.0,KH Pandya,16.0,4.0
2022.0,KK Ahmed,0.0,0.0
2022.0,KK Nair,1.0,0.0
2022.0,KL Rahul,45.0,30.0
2022.0,KR Sen,0.0,0.0
2022.0,KS Bharat,2.0,0.0
2022.0,KS Sharma,1.0,0.0
2022.0,KS Williamson,16.0,8.0
2022.0,Kartik Tyagi,1.0,0.0
2022.0,Kuldeep Yadav,3.0,2.0
2022.0,LH Ferguson,1.0,0.0
2022.0,LS Livingstone,29.0,34.0
2022.0,Lalit Yadav,11.0,7.0
2022.0,M Ashwin,1.0,1.0
2022.0,M Jansen,0.0,1.0
2022.0,M Prasidh Krishna,0.0,0.0
2022.0,M Shahrukh Khan,4.0,9.0
2022.0,M Theekshana,0.0,1.0
2022.0,M Vohra,1.0,2.0
2022.0,MA Agarwal,23.0,6.0
2022.0,MJ Santner,3.0,0.0
2022.0,MK Lomror,7.0,4.0
2022.0,MK Pandey,9.0,2.0
2022.0,MM Ali,24.0,11.0
2022.0,MP Stoinis,7.0,13.0
2022.0,MR Marsh,19.0,14.0
2022.0,MS Dhoni,21.0,10.0
2022.0,MS Wade,23.0,2.0
2022.0,Mandeep Singh,4.0,0.0
2022.0,Mohammed Siraj,5.0,0.0
2022.0,Mohsin Khan,2.0,1.0
2022.0,Mukesh Choudhary,1.0,0.0
2022.0,Mustafizur Rahman,0.0,0.0
2022.0,N Jagadeesan,3.0,1.0
2022.0,N Pooran,16.0,21.0
2022.0,N Rana,29.0,22.0
2022.0,NA Saini,0.0,0.0
2022.0,NM Coulter-Nile,0.0,0.0
2022.0,NT Ellis,0.0,0.0
2022.0,NT Tilak Varma,29.0,16.0
2022.0,OC McCoy,0.0,1.0
2022.0,OF Smith,1.0,5.0
2022.0,PBB Rajapaksa,16.0,13.0
2022.0,PJ Cummins,5.0,6.0
2022.0,PJ Sangwan,0.0,0.0
2022.0,PK Garg,4.0,2.0
2022.0,PN Mankad,1.0,0.0
2022.0,PP Shaw,37.0,10.0
2022.0,PVD Chameera,3.0,3.0
2022.0,PWH de Silva,4.0,1.0
2022.0,Prabhsimran Singh,2.0,0.0
2022.0,Q de Kock,47.0,23.0
2022.0,R Ashwin,14.0,9.0
2022.0,R Dhawan,4.0,2.0
2022.0,R Parag,11.0,10.0
2022.0,R Powell,10.0,22.0
2022.0,R Sanjay Yadav,0.0,0.0
2022.0,R Shepherd,2.0,5.0
2022.0,R Tewatia,22.0,9.0
2022.0,RA Bawa,1.0,0.0
2022.0,RA Jadeja,6.0,5.0
2022.0,RA Tripathi,40.0,20.0
2022.0,RD Chahar,7.0,4.0
2022.0,RD Gaikwad,33.0,14.0
2022.0,RG Sharma,28.0,13.0
2022.0,RK Singh,17.0,7.0
2022.0,RM Patidar,27.0,18.0
2022.0,RP Meredith,0.0,0.0
2022.0,RR Pant,35.0,16.0
2022.0,RV Patel,0.0,1.0
2022.0,RV Uthappa,19.0,14.0
2022.0,Ramandeep Singh,3.0,1.0
2022.0,Rashid Khan,3.0,9.0
2022.0,Rasikh Salam,1.0,0.0
2022.0,Ravi Bishnoi,0.0,0.0
2022.0,S Dhawan,47.0,12.0
2022.0,S Dube,22.0,16.0
2022.0,S Gopal,2.0,0.0
2022.0,SA Abbott,0.0,1.0
2022.0,SA Yadav,23.0,16.0
2022.0,SE Rutherford,1.0,1.0
2022.0,SN Khan,9.0,2.0
2022.0,SN Thakur,7.0,7.0
2022.0,SO Hetmyer,21.0,21.0
2022.0,SP Jackson,0.0,1.0
2022.0,SP Narine,6.0,6.0
2022.0,SS Iyer,41.0,11.0
2022.0,SS Prabhudessai,7.0,2.0
2022.0,SV Samson,43.0,26.0
2022.0,SW Billings,9.0,10.0
2022.0,Shahbaz Ahmed,14.0,9.0
2022.0,Shashank Singh,5.0,4.0
2022.0,Shivam Mavi,0.0,0.0
2022.0,Shubman Gill,51.0,11.0
2022.0,Simarjeet Singh,0.0,0.0
2022.0,T Stubbs,0.0,0.0
2022.0,TA Boult,2.0,1.0
2022.0,TG Southee,0.0,0.0
2022.0,TH David,12.0,16.0
2022.0,TL Seifert,4.0,0.0
2022.0,TS Mills,0.0,0.0
2022.0,UT Yadav,4.0,4.0
2022.0,Umran Malik,0.0,0.0
2022.0,V Kohli,32.0,8.0
2022.0,V Shankar,1.0,0.0
2022.0,VG Arora,0.0,0.0
2022.0,VR Iyer,17.0,7.0
2022.0,WP Saha,40.0,7.0
2022.0,Washington Sundar,9.0,3.0
2022.0,YBK Jaiswal,28.0,10.0
2022.0,YS Chahal,0.0,0.0
2022.0,Yash Dayal,0.0,0.0
2023.0,A Badoni,11.0,8.0
2023.0,A Manohar,6.0,7.0
2023.0,A Mishra,2.0,0.0
2023.0,A Nortje,6.0,0.0
2023.0,A Taide,15.0,4.0
2023.0,A Zampa,0.0,0.0
2023.0,AD Russell,10.0,17.0
2023.0,AJ Hosein,1.0,1.0
2023.0,AK Markram,18.0,8.0
2023.0,AM Rahane,24.0,16.0
2023.0,AR Patel,21.0,15.0
2023.0,AS Joseph,1.0,0.0
2023.0,AS Roy,3.0,0.0
2023.0,AS Tendulkar,0.0,1.0
2023.0,AT Rayudu,10.0,9.0
2023.0,AU Rashid,2.0,1.0
2023.0,Abdul Basith,0.0,0.0
2023.0,Abdul Samad,10.0,11.0
2023.0,Abhishek Sharma,28.0,6.0
2023.0,Abishek Porel,1.0,2.0
2023.0,Akash Deep,2.0,1.0
2023.0,Aman Hakim Khan,7.0,6.0
2023.0,Anmolpreet Singh,15.0,2.0
2023.0,Anuj Rawat,6.0,4.0
2023.0,Arshad Khan,0.0,1.0
2023.0,Arshdeep Singh,0.0,0.0
2023.0,Avesh Khan,0.0,0.0
2023.0,B Kumar,4.0,0.0
2023.0,B Sai Sudharsan,33.0,12.0
2023.0,BA Stokes,2.0,0.0
2023.0,C Green,40.0,22.0
2023.0,C Sakariya,1.0,0.0
2023.0,CJ Jordan,0.0,0.0
2023.0,CV Varun,0.0,0.0
2023.0,D Padikkal,31.0,6.0
2023.0,D Wiese,0.0,3.0
2023.0,DA Miller,18.0,13.0
2023.0,DA Warner,64.0,8.0
2023.0,DC Jurel,11.0,9.0
2023.0,DG Nalkande,0.0,0.0
2023.0,DJ Hooda,3.0,2.0
2023.0,DJ Willey,4.0,0.0
2023.0,DL Chahar,0.0,0.0
2023.0,DP Conway,77.0,18.0
2023.0,F du Plessis,60.0,36.0
2023.0,Fazalhaq Farooqi,0.0,0.0
2023.0,GD Phillips,2.0,4.0
2023.0,GJ Maxwell,29.0,31.0
2023.0,H Klaasen,32.0,25.0
2023.0,HC Brook,23.0,4.0
2023.0,HH Pandya,26.0,15.0
2023.0,HR Shokeen,4.0,0.0
2023.0,HV Patel,0.0,1.0
2023.0,Harpreet Brar,5.0,2.0
2023.0,Harpreet Singh,8.0,3.0
2023.0,Harshit Rana,0.0,0.0
2023.0,I Sharma,0.0,0.0
2023.0,Ishan Kishan,49.0,13.0
2023.0,JC Archer,0.0,0.0
2023.0,JC Buttler,42.0,14.0
2023.0,JD Unadkat,1.0,0.0
2023.0,JE Root,1.0,0.0
2023.0,JJ Roy,36.0,12.0
2023.0,JM Sharma,22.0,21.0
2023.0,JO Holder,0.0,1.0
2023.0,JP Behrendorff,0.0,0.0
2023.0,JR Hazlewood,0.0,0.0
2023.0,K Gowtham,2.0,5.0
2023.0,K Kartikeya,1.0,0.0
2023.0,K Rabada,0.0,0.0
2023.0,KD Karthik,13.0,5.0
2023.0,KH Pandya,15.0,6.0
2023.0,KL Rahul,28.0,4.0
2023.0,KM Asif,0.0,0.0
2023.0,KM Jadhav,1.0,0.0
2023.0,KR Mayers,36.0,22.0
2023.0,KS Sharma,0.0,0.0
2023.0,KV Sharma,0.0,0.0
2023.0,Kuldeep Yadav,2.0,0.0
2023.0,LS Livingstone,15.0,10.0
2023.0,Lalit Yadav,8.0,0.0
2023.0,Liton Das,1.0,0.0
2023.0,M Jansen,4.0,0.0
2023.0,M Markande,2.0,1.0
2023.0,M Shahrukh Khan,13.0,8.0
2023.0,MA Agarwal,29.0,6.0
2023.0,MA Wood,1.0,1.0
2023.0,MD Shanaka,2.0,1.0
2023.0,MG Bracewell,6.0,1.0
2023.0,MJ Santner,0.0,0.0
2023.0,MK Lomror,9.0,8.0
2023.0,MK Pandey,15.0,3.0
2023.0,MM Ali,12.0,6.0
2023.0,MM Sharma,0.0,0.0
2023.0,MP Stoinis,27.0,27.0
2023.0,MR Marsh,11.0,7.0
2023.0,MS Dhoni,3.0,10.0
2023.0,MW Short,15.0,4.0
2023.0,Mandeep Singh,0.0,1.0
2023.0,Mohammed Shami,1.0,0.0
2023.0,Mohammed Siraj,0.0,0.0
2023.0,Mohit Rathee,0.0,0.0
2023.0,Mohsin Khan,0.0,0.0
2023.0,Mukesh Kumar,0.0,0.0
2023.0,Mustafizur Rahman,0.0,0.0
2023.0,N Jagadeesan,14.0,1.0
2023.0,N Pooran,26.0,26.0
2023.0,N Rana,39.0,20.0
2023.0,N Wadhera,22.0,12.0
2023.0,NT Ellis,0.0,0.0
2023.0,NT Tilak Varma,23.0,22.0
2023.0,Naveen-ul-Haq,2.0,0.0
2023.0,Noor Ahmad,1.0,0.0
2023.0,P Dubey,2.0,0.0
2023.0,PBB Rajapaksa,6.0,2.0
2023.0,PD Salt,22.0,8.0
2023.0,PK Garg,1.0,0.0
2023.0,PN Mankad,12.0,2.0
2023.0,PP Chawla,1.0,1.0
2023.0,PP Shaw,9.0,0.0
2023.0,PWH de Silva,3.0,0.0
2023.0,Prabhsimran Singh,34.0,19.0
2023.0,Q de Kock,10.0,8.0
2023.0,R Ashwin,5.0,3.0
2023.0,R Dhawan,1.0,1.0
2023.0,R Parag,4.0,5.0
2023.0,R Powell,1.0,0.0
2023.0,R Shepherd,0.0,0.0
2023.0,R Tewatia,3.0,7.0
2023.0,RA Jadeja,11.0,9.0
2023.0,RA Tripathi,29.0,10.0
2023.0,RD Chahar,0.0,0.0
2023.0,RD Gaikwad,46.0,30.0
2023.0,RG Sharma,34.0,15.0
2023.0,RK Singh,29.0,29.0
2023.0,RP Meredith,0.0,0.0
2023.0,RR Rossouw,11.0,5.0
2023.0,RV Patel,3.0,1.0
2023.0,Rahmanullah Gurbaz,17.0,15.0
2023.0,Rashid Khan,8.0,13.0
2023.0,Ravi Bishnoi,1.0,0.0
2023.0,S Dhawan,49.0,12.0
2023.0,S Dube,12.0,35.0
2023.0,SA Yadav,61.0,25.0
2023.0,SM Curran,19.0,12.0
2023.0,SN Khan,4.0,1.0
2023.0,SN Thakur,12.0,4.0
2023.0,SO Hetmyer,12.0,23.0
2023.0,SP Narine,2.0,1.0
2023.0,SS Prabhudessai,1.0,2.0
2023.0,SV Samson,25.0,24.0
2023.0,Sandeep Sharma,0.0,0.0
2023.0,Sanvir Singh,1.0,1.0
2023.0,Shahbaz Ahmed,3.0,1.0
2023.0,Shubman Gill,85.0,33.0
2023.0,Sikandar Raza,10.0,6.0
2023.0,Swapnil Singh,0.0,0.0
2023.0,T Stubbs,2.0,0.0
2023.0,TA Boult,1.0,1.0
2023.0,TH David,11.0,13.0
2023.0,TU Deshpande,0.0,0.0
2023.0,UT Yadav,1.0,0.0
2023.0,Umran Malik,1.0,2.0
2023.0,V Kohli,65.0,16.0
2023.0,V Shankar,27.0,15.0
2023.0,V Vyshak,0.0,1.0
2023.0,VG Arora,0.0,0.0
2023.0,VR Iyer,26.0,12.0
2023.0,Vishnu Vinod,2.0,2.0
2023.0,Vivrant Sharma,9.0,2.0
2023.0,WD Parnell,0.0,0.0
2023.0,WP Saha,47.0,8.0
2023.0,Washington Sundar,6.0,0.0
2023.0,YBK Jaiswal,82.0,26.0
2023.0,YV Dhull,1.0,0.0
2023.0,Yudhvir Singh,0.0,0.0
